request_id,request_type,configuration,model,timestamp_utc,raw_request,raw_response,first_pass_output,first_pass_json_valid,first_pass_schema_valid,first_pass_valid,first_pass_status,repair_triggered,repair_output,final_output,final_schema_valid,final_valid,predicted_status,predicted_time_scenario,predicted_hazard_scenario,predicted_p,predicted_objective,predicted_issues,validator_errors
S01,simple,L1,qwen3.5:9b,2026-08-12T01:37:40.839153+00:00,请在早高峰情景下选择10个避难所，不设置额外的风险排除。,"{
  ""status"": ""needs_clarification"",
  ""time_scenario"": ""morning_peak_hour"",
  ""hazard_scenario"": null,
  ""p"": 10,
  ""objective"": ""select_shelter_sites_without_risk_exclusion"",
  ""issues"": [
    ""未指定灾害类型（如洪水、地震等），无法确定'hazard_scenario'的具体内容。""
  ]
}","{""status"": ""needs_clarification"", ""time_scenario"": ""morning_peak_hour"", ""hazard_scenario"": null, ""p"": 10, ""objective"": ""select_shelter_sites_without_risk_exclusion"", ""issues"": [""未指定灾害类型（如洪水、地震等），无法确定'hazard_scenario'的具体内容。""]}",True,False,False,needs_clarification,False,,"{""status"": ""needs_clarification"", ""time_scenario"": ""morning_peak_hour"", ""hazard_scenario"": null, ""p"": 10, ""objective"": ""select_shelter_sites_without_risk_exclusion"", ""issues"": [""未指定灾害类型（如洪水、地震等），无法确定'hazard_scenario'的具体内容。""]}",False,False,needs_clarification,morning_peak_hour,,10,select_shelter_sites_without_risk_exclusion,"[""未指定灾害类型（如洪水、地震等），无法确定'hazard_scenario'的具体内容。""]","[""\""未指定灾害类型（如洪水、地震等），无法确定'hazard_scenario'的具体内容。\"" is not one of ['missing_parameter', 'ambiguous_time', 'ambiguous_hazard', 'invalid_p', 'conflicting_time', 'conflicting_hazard', 'unsupported_objective', 'other']"", ""'select_shelter_sites_without_risk_exclusion' is not one of ['weighted_p_median', None]"", ""'morning_peak_hour' is not one of ['morning', 'evening', 'night', None]""]"
S02,simple,L1,qwen3.5:9b,2026-08-12T01:37:47.567080+00:00,夜间采用严格的灾害约束，规划5个避难设施。,"{
  ""status"": ""needs_clarification"",
  ""time_scenario"": ""night"",
  ""hazard_scenario"": ""strict_hazards"",
  ""p"": 5,
  ""objective"": null,
  ""issues"": [
    ""未指定具体的灾害类型（如地震、洪水等）以定义'严格约束'的具体内容。"",
    ""未提供人口分布数据或需求点位置，无法确定设施选址方案。"",
    ""未明确避难设施的容量限制或服务半径要求。""
  ]
}","{""status"": ""needs_clarification"", ""time_scenario"": ""night"", ""hazard_scenario"": ""strict_hazards"", ""p"": 5, ""objective"": null, ""issues"": [""未指定具体的灾害类型（如地震、洪水等）以定义'严格约束'的具体内容。"", ""未提供人口分布数据或需求点位置，无法确定设施选址方案。"", ""未明确避难设施的容量限制或服务半径要求。""]}",True,False,False,needs_clarification,False,,"{""status"": ""needs_clarification"", ""time_scenario"": ""night"", ""hazard_scenario"": ""strict_hazards"", ""p"": 5, ""objective"": null, ""issues"": [""未指定具体的灾害类型（如地震、洪水等）以定义'严格约束'的具体内容。"", ""未提供人口分布数据或需求点位置，无法确定设施选址方案。"", ""未明确避难设施的容量限制或服务半径要求。""]}",False,False,needs_clarification,night,strict_hazards,5,,"[""未指定具体的灾害类型（如地震、洪水等）以定义'严格约束'的具体内容。"", ""未提供人口分布数据或需求点位置，无法确定设施选址方案。"", ""未明确避难设施的容量限制或服务半径要求。""]","[""'strict_hazards' is not one of ['baseline', 'moderate', 'strict', None]"", ""\""未指定具体的灾害类型（如地震、洪水等）以定义'严格约束'的具体内容。\"" is not one of ['missing_parameter', 'ambiguous_time', 'ambiguous_hazard', 'invalid_p', 'conflicting_time', 'conflicting_hazard', 'unsupported_objective', 'other']"", ""'未提供人口分布数据或需求点位置，无法确定设施选址方案。' is not one of ['missing_parameter', 'ambiguous_time', 'ambiguous_hazard', 'invalid_p', 'conflicting_time', 'conflicting_hazard', 'unsupported_objective', 'other']"", ""'未明确避难设施的容量限制或服务半径要求。' is not one of ['missing_parameter', 'ambiguous_time', 'ambiguous_hazard', 'invalid_p', 'conflicting_time', 'conflicting_hazard', 'unsupported_objective', 'other']""]"
S03,simple,L1,qwen3.5:9b,2026-08-12T01:37:50.216909+00:00,晚高峰选择15个避难所，采用中等程度的灾害候选约束。,"{
  ""status"": ""needs_clarification"",
  ""time_scenario"": ""evening_peak_hour"",
  ""hazard_scenario"": ""medium_severity_candidate_constraints"",
  ""p"": null,
  ""objective"": ""select_15_shelters"",
  ""issues"": [
    ""Missing specific location data for shelters."",
    ""Population demand (P) values not provided."",
    ""Specific hazard type or candidate constraint definitions missing.""
  ]
}","{""status"": ""needs_clarification"", ""time_scenario"": ""evening_peak_hour"", ""hazard_scenario"": ""medium_severity_candidate_constraints"", ""p"": null, ""objective"": ""select_15_shelters"", ""issues"": [""Missing specific location data for shelters."", ""Population demand (P) values not provided."", ""Specific hazard type or candidate constraint definitions missing.""]}",True,False,False,needs_clarification,False,,"{""status"": ""needs_clarification"", ""time_scenario"": ""evening_peak_hour"", ""hazard_scenario"": ""medium_severity_candidate_constraints"", ""p"": null, ""objective"": ""select_15_shelters"", ""issues"": [""Missing specific location data for shelters."", ""Population demand (P) values not provided."", ""Specific hazard type or candidate constraint definitions missing.""]}",False,False,needs_clarification,evening_peak_hour,medium_severity_candidate_constraints,,select_15_shelters,"[""Missing specific location data for shelters."", ""Population demand (P) values not provided."", ""Specific hazard type or candidate constraint definitions missing.""]","[""'medium_severity_candidate_constraints' is not one of ['baseline', 'moderate', 'strict', None]"", ""'Missing specific location data for shelters.' is not one of ['missing_parameter', 'ambiguous_time', 'ambiguous_hazard', 'invalid_p', 'conflicting_time', 'conflicting_hazard', 'unsupported_objective', 'other']"", ""'Population demand (P) values not provided.' is not one of ['missing_parameter', 'ambiguous_time', 'ambiguous_hazard', 'invalid_p', 'conflicting_time', 'conflicting_hazard', 'unsupported_objective', 'other']"", ""'Specific hazard type or candidate constraint definitions missing.' is not one of ['missing_parameter', 'ambiguous_time', 'ambiguous_hazard', 'invalid_p', 'conflicting_time', 'conflicting_hazard', 'unsupported_objective', 'other']"", ""'select_15_shelters' is not one of ['weighted_p_median', None]"", ""'evening_peak_hour' is not one of ['morning', 'evening', 'night', None]""]"
S04,simple,L1,qwen3.5:9b,2026-08-12T01:37:52.751498+00:00,按早晨通勤高峰需求，在基准情景中设置5处避难设施。,"{
  ""status"": ""needs_clarification"",
  ""time_scenario"": ""morning_rush_hour"",
  ""hazard_scenario"": null,
  ""p"": 5,
  ""objective"": ""establish_shelters"",
  ""issues"": [
    ""基准情景（baseline scenario）的具体定义未提供，需明确是参考历史数据、特定灾害概率分布还是其他标准。"",
    ""避难设施的类型或等级要求不明确（例如：临时庇护所 vs. 永久应急中心）。""
  ]
}","{""status"": ""needs_clarification"", ""time_scenario"": ""morning_rush_hour"", ""hazard_scenario"": null, ""p"": 5, ""objective"": ""establish_shelters"", ""issues"": [""基准情景（baseline scenario）的具体定义未提供，需明确是参考历史数据、特定灾害概率分布还是其他标准。"", ""避难设施的类型或等级要求不明确（例如：临时庇护所 vs. 永久应急中心）。""]}",True,False,False,needs_clarification,False,,"{""status"": ""needs_clarification"", ""time_scenario"": ""morning_rush_hour"", ""hazard_scenario"": null, ""p"": 5, ""objective"": ""establish_shelters"", ""issues"": [""基准情景（baseline scenario）的具体定义未提供，需明确是参考历史数据、特定灾害概率分布还是其他标准。"", ""避难设施的类型或等级要求不明确（例如：临时庇护所 vs. 永久应急中心）。""]}",False,False,needs_clarification,morning_rush_hour,,5,establish_shelters,"[""基准情景（baseline scenario）的具体定义未提供，需明确是参考历史数据、特定灾害概率分布还是其他标准。"", ""避难设施的类型或等级要求不明确（例如：临时庇护所 vs. 永久应急中心）。""]","[""'基准情景（baseline scenario）的具体定义未提供，需明确是参考历史数据、特定灾害概率分布还是其他标准。' is not one of ['missing_parameter', 'ambiguous_time', 'ambiguous_hazard', 'invalid_p', 'conflicting_time', 'conflicting_hazard', 'unsupported_objective', 'other']"", ""'避难设施的类型或等级要求不明确（例如：临时庇护所 vs. 永久应急中心）。' is not one of ['missing_parameter', 'ambiguous_time', 'ambiguous_hazard', 'invalid_p', 'conflicting_time', 'conflicting_hazard', 'unsupported_objective', 'other']"", ""'establish_shelters' is not one of ['weighted_p_median', None]"", ""'morning_rush_hour' is not one of ['morning', 'evening', 'night', None]""]"
S05,simple,L1,qwen3.5:9b,2026-08-12T01:37:55.570407+00:00,为晚高峰规划10个设施，并使用严格候选约束。,"{
  ""status"": ""needs_clarification"",
  ""time_scenario"": ""peak_evening_hour"",
  ""hazard_scenario"": null,
  ""p"": 10,
  ""objective"": null,
  ""issues"": [
    ""未指定设施类型（如充电站、休息区等）"",
    ""未定义严格候选约束的具体规则或地理范围""
  ]
}","{""status"": ""needs_clarification"", ""time_scenario"": ""peak_evening_hour"", ""hazard_scenario"": null, ""p"": 10, ""objective"": null, ""issues"": [""未指定设施类型（如充电站、休息区等）"", ""未定义严格候选约束的具体规则或地理范围""]}",True,False,False,needs_clarification,False,,"{""status"": ""needs_clarification"", ""time_scenario"": ""peak_evening_hour"", ""hazard_scenario"": null, ""p"": 10, ""objective"": null, ""issues"": [""未指定设施类型（如充电站、休息区等）"", ""未定义严格候选约束的具体规则或地理范围""]}",False,False,needs_clarification,peak_evening_hour,,10,,"[""未指定设施类型（如充电站、休息区等）"", ""未定义严格候选约束的具体规则或地理范围""]","[""'未指定设施类型（如充电站、休息区等）' is not one of ['missing_parameter', 'ambiguous_time', 'ambiguous_hazard', 'invalid_p', 'conflicting_time', 'conflicting_hazard', 'unsupported_objective', 'other']"", ""'未定义严格候选约束的具体规则或地理范围' is not one of ['missing_parameter', 'ambiguous_time', 'ambiguous_hazard', 'invalid_p', 'conflicting_time', 'conflicting_hazard', 'unsupported_objective', 'other']"", ""'peak_evening_hour' is not one of ['morning', 'evening', 'night', None]""]"
S06,simple,L1,qwen3.5:9b,2026-08-12T01:37:57.866855+00:00,夜间需求采用基准约束，选取15个候选避难设施。,"{
  ""status"": ""needs_clarification"",
  ""time_scenario"": ""night"",
  ""hazard_scenario"": null,
  ""p"": null,
  ""objective"": null,
  ""issues"": [
    ""未指定具体的灾害类型（如地震、洪水等），无法确定 hazard_scenario。"",
    ""基准约束的具体内容或数值标准未知，需补充 p 值或其他参数定义。"",
    ""优化目标函数不明确（例如：最小化最大距离、最大化覆盖人口比例等）。""
  ]
}","{""status"": ""needs_clarification"", ""time_scenario"": ""night"", ""hazard_scenario"": null, ""p"": null, ""objective"": null, ""issues"": [""未指定具体的灾害类型（如地震、洪水等），无法确定 hazard_scenario。"", ""基准约束的具体内容或数值标准未知，需补充 p 值或其他参数定义。"", ""优化目标函数不明确（例如：最小化最大距离、最大化覆盖人口比例等）。""]}",True,False,False,needs_clarification,False,,"{""status"": ""needs_clarification"", ""time_scenario"": ""night"", ""hazard_scenario"": null, ""p"": null, ""objective"": null, ""issues"": [""未指定具体的灾害类型（如地震、洪水等），无法确定 hazard_scenario。"", ""基准约束的具体内容或数值标准未知，需补充 p 值或其他参数定义。"", ""优化目标函数不明确（例如：最小化最大距离、最大化覆盖人口比例等）。""]}",False,False,needs_clarification,night,,,,"[""未指定具体的灾害类型（如地震、洪水等），无法确定 hazard_scenario。"", ""基准约束的具体内容或数值标准未知，需补充 p 值或其他参数定义。"", ""优化目标函数不明确（例如：最小化最大距离、最大化覆盖人口比例等）。""]","[""'未指定具体的灾害类型（如地震、洪水等），无法确定 hazard_scenario。' is not one of ['missing_parameter', 'ambiguous_time', 'ambiguous_hazard', 'invalid_p', 'conflicting_time', 'conflicting_hazard', 'unsupported_objective', 'other']"", ""'基准约束的具体内容或数值标准未知，需补充 p 值或其他参数定义。' is not one of ['missing_parameter', 'ambiguous_time', 'ambiguous_hazard', 'invalid_p', 'conflicting_time', 'conflicting_hazard', 'unsupported_objective', 'other']"", ""'优化目标函数不明确（例如：最小化最大距离、最大化覆盖人口比例等）。' is not one of ['missing_parameter', 'ambiguous_time', 'ambiguous_hazard', 'invalid_p', 'conflicting_time', 'conflicting_hazard', 'unsupported_objective', 'other']""]"
S07,simple,L1,qwen3.5:9b,2026-08-12T01:38:00.521173+00:00,中等灾害约束下，请为早高峰配置15个避难所。,"{
  ""status"": ""needs_clarification"",
  ""time_scenario"": ""morning_peak"",
  ""hazard_scenario"": ""medium_disaster"",
  ""p"": 15,
  ""objective"": null,
  ""issues"": [
    ""未指定避难所的具体选址（如社区、学校等）或候选点列表。"",
    ""缺少人口分布数据以支持配置决策。""
  ]
}","{""status"": ""needs_clarification"", ""time_scenario"": ""morning_peak"", ""hazard_scenario"": ""medium_disaster"", ""p"": 15, ""objective"": null, ""issues"": [""未指定避难所的具体选址（如社区、学校等）或候选点列表。"", ""缺少人口分布数据以支持配置决策。""]}",True,False,False,needs_clarification,False,,"{""status"": ""needs_clarification"", ""time_scenario"": ""morning_peak"", ""hazard_scenario"": ""medium_disaster"", ""p"": 15, ""objective"": null, ""issues"": [""未指定避难所的具体选址（如社区、学校等）或候选点列表。"", ""缺少人口分布数据以支持配置决策。""]}",False,False,needs_clarification,morning_peak,medium_disaster,15,,"[""未指定避难所的具体选址（如社区、学校等）或候选点列表。"", ""缺少人口分布数据以支持配置决策。""]","[""'medium_disaster' is not one of ['baseline', 'moderate', 'strict', None]"", ""'未指定避难所的具体选址（如社区、学校等）或候选点列表。' is not one of ['missing_parameter', 'ambiguous_time', 'ambiguous_hazard', 'invalid_p', 'conflicting_time', 'conflicting_hazard', 'unsupported_objective', 'other']"", ""'缺少人口分布数据以支持配置决策。' is not one of ['missing_parameter', 'ambiguous_time', 'ambiguous_hazard', 'invalid_p', 'conflicting_time', 'conflicting_hazard', 'unsupported_objective', 'other']"", ""'morning_peak' is not one of ['morning', 'evening', 'night', None]""]"
S08,simple,L1,qwen3.5:9b,2026-08-12T01:38:02.567356+00:00,不额外排除候选设施，针对晚高峰选5个避难所。,"{
  ""status"": ""needs_clarification"",
  ""time_scenario"": ""evening_peak_hour"",
  ""hazard_scenario"": null,
  ""p"": null,
  ""objective"": ""select_5_shelters_without_additional_exclusions"",
  ""issues"": [
    ""Missing hazard scenario definition (e.g., flood, earthquake) to determine shelter suitability."",
    ""Parameter 'p' is undefined; clarify if it refers to a specific population threshold or probability metric.""
  ]
}","{""status"": ""needs_clarification"", ""time_scenario"": ""evening_peak_hour"", ""hazard_scenario"": null, ""p"": null, ""objective"": ""select_5_shelters_without_additional_exclusions"", ""issues"": [""Missing hazard scenario definition (e.g., flood, earthquake) to determine shelter suitability."", ""Parameter 'p' is undefined; clarify if it refers to a specific population threshold or probability metric.""]}",True,False,False,needs_clarification,False,,"{""status"": ""needs_clarification"", ""time_scenario"": ""evening_peak_hour"", ""hazard_scenario"": null, ""p"": null, ""objective"": ""select_5_shelters_without_additional_exclusions"", ""issues"": [""Missing hazard scenario definition (e.g., flood, earthquake) to determine shelter suitability."", ""Parameter 'p' is undefined; clarify if it refers to a specific population threshold or probability metric.""]}",False,False,needs_clarification,evening_peak_hour,,,select_5_shelters_without_additional_exclusions,"[""Missing hazard scenario definition (e.g., flood, earthquake) to determine shelter suitability."", ""Parameter 'p' is undefined; clarify if it refers to a specific population threshold or probability metric.""]","[""'Missing hazard scenario definition (e.g., flood, earthquake) to determine shelter suitability.' is not one of ['missing_parameter', 'ambiguous_time', 'ambiguous_hazard', 'invalid_p', 'conflicting_time', 'conflicting_hazard', 'unsupported_objective', 'other']"", ""\""Parameter 'p' is undefined; clarify if it refers to a specific population threshold or probability metric.\"" is not one of ['missing_parameter', 'ambiguous_time', 'ambiguous_hazard', 'invalid_p', 'conflicting_time', 'conflicting_hazard', 'unsupported_objective', 'other']"", ""'select_5_shelters_without_additional_exclusions' is not one of ['weighted_p_median', None]"", ""'evening_peak_hour' is not one of ['morning', 'evening', 'night', None]""]"
S09,simple,L1,qwen3.5:9b,2026-08-12T01:38:04.824910+00:00,请用最严格的候选限制处理夜间情景，设施数设为10。,"{
  ""status"": ""needs_clarification"",
  ""time_scenario"": ""night"",
  ""hazard_scenario"": null,
  ""p"": 10,
  ""objective"": null,
  ""issues"": [
    ""未指定灾害类型（如洪水、地震等）以确定 hazard_scenario。"",
    ""未明确优化目标函数或具体规划需求以定义 objective。""
  ]
}","{""status"": ""needs_clarification"", ""time_scenario"": ""night"", ""hazard_scenario"": null, ""p"": 10, ""objective"": null, ""issues"": [""未指定灾害类型（如洪水、地震等）以确定 hazard_scenario。"", ""未明确优化目标函数或具体规划需求以定义 objective。""]}",True,False,False,needs_clarification,False,,"{""status"": ""needs_clarification"", ""time_scenario"": ""night"", ""hazard_scenario"": null, ""p"": 10, ""objective"": null, ""issues"": [""未指定灾害类型（如洪水、地震等）以确定 hazard_scenario。"", ""未明确优化目标函数或具体规划需求以定义 objective。""]}",False,False,needs_clarification,night,,10,,"[""未指定灾害类型（如洪水、地震等）以确定 hazard_scenario。"", ""未明确优化目标函数或具体规划需求以定义 objective。""]","[""'未指定灾害类型（如洪水、地震等）以确定 hazard_scenario。' is not one of ['missing_parameter', 'ambiguous_time', 'ambiguous_hazard', 'invalid_p', 'conflicting_time', 'conflicting_hazard', 'unsupported_objective', 'other']"", ""'未明确优化目标函数或具体规划需求以定义 objective。' is not one of ['missing_parameter', 'ambiguous_time', 'ambiguous_hazard', 'invalid_p', 'conflicting_time', 'conflicting_hazard', 'unsupported_objective', 'other']""]"
S10,simple,L1,qwen3.5:9b,2026-08-12T01:38:06.799360+00:00,早高峰、中等候选约束、p等于10。,"{
  ""status"": ""needs_clarification"",
  ""time_scenario"": ""morning_rush_hour"",
  ""hazard_scenario"": null,
  ""p"": 10.0,
  ""objective"": null,
  ""issues"": [
    ""Missing specific hazard scenario details (e.g., flood risk, traffic congestion level)."",
    ""Objective function not specified (e.g., minimize cost, maximize coverage).""
  ]
}","{""status"": ""needs_clarification"", ""time_scenario"": ""morning_rush_hour"", ""hazard_scenario"": null, ""p"": 10.0, ""objective"": null, ""issues"": [""Missing specific hazard scenario details (e.g., flood risk, traffic congestion level)."", ""Objective function not specified (e.g., minimize cost, maximize coverage).""]}",True,False,False,needs_clarification,False,,"{""status"": ""needs_clarification"", ""time_scenario"": ""morning_rush_hour"", ""hazard_scenario"": null, ""p"": 10.0, ""objective"": null, ""issues"": [""Missing specific hazard scenario details (e.g., flood risk, traffic congestion level)."", ""Objective function not specified (e.g., minimize cost, maximize coverage).""]}",False,False,needs_clarification,morning_rush_hour,,10.0,,"[""Missing specific hazard scenario details (e.g., flood risk, traffic congestion level)."", ""Objective function not specified (e.g., minimize cost, maximize coverage).""]","[""'Missing specific hazard scenario details (e.g., flood risk, traffic congestion level).' is not one of ['missing_parameter', 'ambiguous_time', 'ambiguous_hazard', 'invalid_p', 'conflicting_time', 'conflicting_hazard', 'unsupported_objective', 'other']"", ""'Objective function not specified (e.g., minimize cost, maximize coverage).' is not one of ['missing_parameter', 'ambiguous_time', 'ambiguous_hazard', 'invalid_p', 'conflicting_time', 'conflicting_hazard', 'unsupported_objective', 'other']"", ""'morning_rush_hour' is not one of ['morning', 'evening', 'night', None]""]"
S11,simple,L1,qwen3.5:9b,2026-08-12T01:38:08.880308+00:00,晚间高峰按基准情景规划15处设施。,"{
  ""status"": ""needs_clarification"",
  ""time_scenario"": ""evening_peak"",
  ""hazard_scenario"": null,
  ""p"": 15,
  ""objective"": null,
  ""issues"": [
    ""基准情景（baseline scenario）的具体定义未提供，无法确定规划依据。""
  ]
}","{""status"": ""needs_clarification"", ""time_scenario"": ""evening_peak"", ""hazard_scenario"": null, ""p"": 15, ""objective"": null, ""issues"": [""基准情景（baseline scenario）的具体定义未提供，无法确定规划依据。""]}",True,False,False,needs_clarification,False,,"{""status"": ""needs_clarification"", ""time_scenario"": ""evening_peak"", ""hazard_scenario"": null, ""p"": 15, ""objective"": null, ""issues"": [""基准情景（baseline scenario）的具体定义未提供，无法确定规划依据。""]}",False,False,needs_clarification,evening_peak,,15,,"[""基准情景（baseline scenario）的具体定义未提供，无法确定规划依据。""]","[""'基准情景（baseline scenario）的具体定义未提供，无法确定规划依据。' is not one of ['missing_parameter', 'ambiguous_time', 'ambiguous_hazard', 'invalid_p', 'conflicting_time', 'conflicting_hazard', 'unsupported_objective', 'other']"", ""'evening_peak' is not one of ['morning', 'evening', 'night', None]""]"
S12,simple,L1,qwen3.5:9b,2026-08-12T01:38:10.608893+00:00,夜间设置5处设施，采用中等灾害候选约束。,"{
  ""status"": ""needs_clarification"",
  ""time_scenario"": ""night"",
  ""hazard_scenario"": ""medium_disaster_candidates"",
  ""p"": null,
  ""objective"": null,
  ""issues"": [
    ""Missing specific location constraints or candidate sites for the '5 facilities'."",
    ""The optimization objective (e.g., maximize coverage, minimize cost) is not specified."",
    ""Additional planning parameters such as population data, hazard probability maps, or facility capacity are missing.""
  ]
}","{""status"": ""needs_clarification"", ""time_scenario"": ""night"", ""hazard_scenario"": ""medium_disaster_candidates"", ""p"": null, ""objective"": null, ""issues"": [""Missing specific location constraints or candidate sites for the '5 facilities'."", ""The optimization objective (e.g., maximize coverage, minimize cost) is not specified."", ""Additional planning parameters such as population data, hazard probability maps, or facility capacity are missing.""]}",True,False,False,needs_clarification,False,,"{""status"": ""needs_clarification"", ""time_scenario"": ""night"", ""hazard_scenario"": ""medium_disaster_candidates"", ""p"": null, ""objective"": null, ""issues"": [""Missing specific location constraints or candidate sites for the '5 facilities'."", ""The optimization objective (e.g., maximize coverage, minimize cost) is not specified."", ""Additional planning parameters such as population data, hazard probability maps, or facility capacity are missing.""]}",False,False,needs_clarification,night,medium_disaster_candidates,,,"[""Missing specific location constraints or candidate sites for the '5 facilities'."", ""The optimization objective (e.g., maximize coverage, minimize cost) is not specified."", ""Additional planning parameters such as population data, hazard probability maps, or facility capacity are missing.""]","[""'medium_disaster_candidates' is not one of ['baseline', 'moderate', 'strict', None]"", ""\""Missing specific location constraints or candidate sites for the '5 facilities'.\"" is not one of ['missing_parameter', 'ambiguous_time', 'ambiguous_hazard', 'invalid_p', 'conflicting_time', 'conflicting_hazard', 'unsupported_objective', 'other']"", ""'The optimization objective (e.g., maximize coverage, minimize cost) is not specified.' is not one of ['missing_parameter', 'ambiguous_time', 'ambiguous_hazard', 'invalid_p', 'conflicting_time', 'conflicting_hazard', 'unsupported_objective', 'other']"", ""'Additional planning parameters such as population data, hazard probability maps, or facility capacity are missing.' is not one of ['missing_parameter', 'ambiguous_time', 'ambiguous_hazard', 'invalid_p', 'conflicting_time', 'conflicting_hazard', 'unsupported_objective', 'other']""]"
S13,simple,L1,qwen3.5:9b,2026-08-12T01:38:12.983439+00:00,严格约束候选避难设施，为早高峰选择5处。,"{
  ""status"": ""needs_clarification"",
  ""time_scenario"": ""morning_peak_hour"",
  ""hazard_scenario"": null,
  ""p"": null,
  ""objective"": ""select_5_shelter_sites_with_strict_constraints"",
  ""issues"": [
    ""未指定具体的严格约束条件（如：容量、距离阈值、设施类型等）"",
    ""未提供候选避难设施的列表或空间数据""
  ]
}","{""status"": ""needs_clarification"", ""time_scenario"": ""morning_peak_hour"", ""hazard_scenario"": null, ""p"": null, ""objective"": ""select_5_shelter_sites_with_strict_constraints"", ""issues"": [""未指定具体的严格约束条件（如：容量、距离阈值、设施类型等）"", ""未提供候选避难设施的列表或空间数据""]}",True,False,False,needs_clarification,False,,"{""status"": ""needs_clarification"", ""time_scenario"": ""morning_peak_hour"", ""hazard_scenario"": null, ""p"": null, ""objective"": ""select_5_shelter_sites_with_strict_constraints"", ""issues"": [""未指定具体的严格约束条件（如：容量、距离阈值、设施类型等）"", ""未提供候选避难设施的列表或空间数据""]}",False,False,needs_clarification,morning_peak_hour,,,select_5_shelter_sites_with_strict_constraints,"[""未指定具体的严格约束条件（如：容量、距离阈值、设施类型等）"", ""未提供候选避难设施的列表或空间数据""]","[""'未指定具体的严格约束条件（如：容量、距离阈值、设施类型等）' is not one of ['missing_parameter', 'ambiguous_time', 'ambiguous_hazard', 'invalid_p', 'conflicting_time', 'conflicting_hazard', 'unsupported_objective', 'other']"", ""'未提供候选避难设施的列表或空间数据' is not one of ['missing_parameter', 'ambiguous_time', 'ambiguous_hazard', 'invalid_p', 'conflicting_time', 'conflicting_hazard', 'unsupported_objective', 'other']"", ""'select_5_shelter_sites_with_strict_constraints' is not one of ['weighted_p_median', None]"", ""'morning_peak_hour' is not one of ['morning', 'evening', 'night', None]""]"
S14,simple,L1,qwen3.5:9b,2026-08-12T01:38:15.362979+00:00,为晚高峰需求选择10处，保持基准候选集合。,"{
  ""status"": ""needs_clarification"",
  ""time_scenario"": ""peak_evening_hour"",
  ""hazard_scenario"": null,
  ""p"": 10,
  ""objective"": ""select_sites_maintaining_baseline_candidate_set"",
  ""issues"": [
    ""未提供基准候选集合的具体定义或来源（如：是历史高频站点、现有设施列表还是其他？）"",
    ""‘保持’具体指代何种约束条件（例如：必须包含所有基准点，还是仅保留部分？）""
  ]
}","{""status"": ""needs_clarification"", ""time_scenario"": ""peak_evening_hour"", ""hazard_scenario"": null, ""p"": 10, ""objective"": ""select_sites_maintaining_baseline_candidate_set"", ""issues"": [""未提供基准候选集合的具体定义或来源（如：是历史高频站点、现有设施列表还是其他？）"", ""‘保持’具体指代何种约束条件（例如：必须包含所有基准点，还是仅保留部分？）""]}",True,False,False,needs_clarification,False,,"{""status"": ""needs_clarification"", ""time_scenario"": ""peak_evening_hour"", ""hazard_scenario"": null, ""p"": 10, ""objective"": ""select_sites_maintaining_baseline_candidate_set"", ""issues"": [""未提供基准候选集合的具体定义或来源（如：是历史高频站点、现有设施列表还是其他？）"", ""‘保持’具体指代何种约束条件（例如：必须包含所有基准点，还是仅保留部分？）""]}",False,False,needs_clarification,peak_evening_hour,,10,select_sites_maintaining_baseline_candidate_set,"[""未提供基准候选集合的具体定义或来源（如：是历史高频站点、现有设施列表还是其他？）"", ""‘保持’具体指代何种约束条件（例如：必须包含所有基准点，还是仅保留部分？）""]","[""'未提供基准候选集合的具体定义或来源（如：是历史高频站点、现有设施列表还是其他？）' is not one of ['missing_parameter', 'ambiguous_time', 'ambiguous_hazard', 'invalid_p', 'conflicting_time', 'conflicting_hazard', 'unsupported_objective', 'other']"", ""'‘保持’具体指代何种约束条件（例如：必须包含所有基准点，还是仅保留部分？）' is not one of ['missing_parameter', 'ambiguous_time', 'ambiguous_hazard', 'invalid_p', 'conflicting_time', 'conflicting_hazard', 'unsupported_objective', 'other']"", ""'select_sites_maintaining_baseline_candidate_set' is not one of ['weighted_p_median', None]"", ""'peak_evening_hour' is not one of ['morning', 'evening', 'night', None]""]"
S15,simple,L1,qwen3.5:9b,2026-08-12T01:38:17.824506+00:00,夜间、无额外候选排除、p=10。,"{
  ""status"": ""needs_clarification"",
  ""time_scenario"": ""night"",
  ""hazard_scenario"": null,
  ""p"": 10,
  ""objective"": null,
  ""issues"": [
    ""Missing hazard scenario specification (e.g., flood, fire)."",
    ""Objective function or optimization goal not defined."",
    ""Context for 'no additional candidate exclusion' is unclear; specific constraints needed.""
  ]
}","{""status"": ""needs_clarification"", ""time_scenario"": ""night"", ""hazard_scenario"": null, ""p"": 10, ""objective"": null, ""issues"": [""Missing hazard scenario specification (e.g., flood, fire)."", ""Objective function or optimization goal not defined."", ""Context for 'no additional candidate exclusion' is unclear; specific constraints needed.""]}",True,False,False,needs_clarification,False,,"{""status"": ""needs_clarification"", ""time_scenario"": ""night"", ""hazard_scenario"": null, ""p"": 10, ""objective"": null, ""issues"": [""Missing hazard scenario specification (e.g., flood, fire)."", ""Objective function or optimization goal not defined."", ""Context for 'no additional candidate exclusion' is unclear; specific constraints needed.""]}",False,False,needs_clarification,night,,10,,"[""Missing hazard scenario specification (e.g., flood, fire)."", ""Objective function or optimization goal not defined."", ""Context for 'no additional candidate exclusion' is unclear; specific constraints needed.""]","[""'Missing hazard scenario specification (e.g., flood, fire).' is not one of ['missing_parameter', 'ambiguous_time', 'ambiguous_hazard', 'invalid_p', 'conflicting_time', 'conflicting_hazard', 'unsupported_objective', 'other']"", ""'Objective function or optimization goal not defined.' is not one of ['missing_parameter', 'ambiguous_time', 'ambiguous_hazard', 'invalid_p', 'conflicting_time', 'conflicting_hazard', 'unsupported_objective', 'other']"", ""\""Context for 'no additional candidate exclusion' is unclear; specific constraints needed.\"" is not one of ['missing_parameter', 'ambiguous_time', 'ambiguous_hazard', 'invalid_p', 'conflicting_time', 'conflicting_hazard', 'unsupported_objective', 'other']""]"
S16,simple,L1,qwen3.5:9b,2026-08-12T01:38:19.915924+00:00,早晨高峰选15个设施，执行严格灾害约束。,"{
  ""status"": ""needs_clarification"",
  ""time_scenario"": ""morning_peak"",
  ""hazard_scenario"": null,
  ""p"": 0.95,
  ""objective"": ""select_15_facilities_strict_hazard_constraints"",
  ""issues"": [
    ""未指定具体的灾害类型（如洪水、地震等）以定义严格约束条件。"",
    ""未提供候选设施列表或地理空间数据范围，无法执行选址操作。""
  ]
}","{""status"": ""needs_clarification"", ""time_scenario"": ""morning_peak"", ""hazard_scenario"": null, ""p"": 0.95, ""objective"": ""select_15_facilities_strict_hazard_constraints"", ""issues"": [""未指定具体的灾害类型（如洪水、地震等）以定义严格约束条件。"", ""未提供候选设施列表或地理空间数据范围，无法执行选址操作。""]}",True,False,False,needs_clarification,False,,"{""status"": ""needs_clarification"", ""time_scenario"": ""morning_peak"", ""hazard_scenario"": null, ""p"": 0.95, ""objective"": ""select_15_facilities_strict_hazard_constraints"", ""issues"": [""未指定具体的灾害类型（如洪水、地震等）以定义严格约束条件。"", ""未提供候选设施列表或地理空间数据范围，无法执行选址操作。""]}",False,False,needs_clarification,morning_peak,,0.95,select_15_facilities_strict_hazard_constraints,"[""未指定具体的灾害类型（如洪水、地震等）以定义严格约束条件。"", ""未提供候选设施列表或地理空间数据范围，无法执行选址操作。""]","[""'未指定具体的灾害类型（如洪水、地震等）以定义严格约束条件。' is not one of ['missing_parameter', 'ambiguous_time', 'ambiguous_hazard', 'invalid_p', 'conflicting_time', 'conflicting_hazard', 'unsupported_objective', 'other']"", ""'未提供候选设施列表或地理空间数据范围，无法执行选址操作。' is not one of ['missing_parameter', 'ambiguous_time', 'ambiguous_hazard', 'invalid_p', 'conflicting_time', 'conflicting_hazard', 'unsupported_objective', 'other']"", ""'select_15_facilities_strict_hazard_constraints' is not one of ['weighted_p_median', None]"", ""0.95 is not of type 'integer', 'null'"", ""0.95 is less than the minimum of 5"", ""'morning_peak' is not one of ['morning', 'evening', 'night', None]""]"
S17,simple,L1,qwen3.5:9b,2026-08-12T01:38:22.209031+00:00,晚高峰采用中等候选限制并设置5个避难所。,"{
  ""status"": ""needs_clarification"",
  ""time_scenario"": ""evening_peak_hour"",
  ""hazard_scenario"": null,
  ""p"": ""medium_candidate_restriction"",
  ""objective"": ""establish_5_shelters"",
  ""issues"": [
    ""Missing hazard scenario details (e.g., flood, earthquake) to determine shelter requirements."",
    ""Need specific location constraints or candidate set definition for the 'medium' restriction.""
  ]
}","{""status"": ""needs_clarification"", ""time_scenario"": ""evening_peak_hour"", ""hazard_scenario"": null, ""p"": ""medium_candidate_restriction"", ""objective"": ""establish_5_shelters"", ""issues"": [""Missing hazard scenario details (e.g., flood, earthquake) to determine shelter requirements."", ""Need specific location constraints or candidate set definition for the 'medium' restriction.""]}",True,False,False,needs_clarification,False,,"{""status"": ""needs_clarification"", ""time_scenario"": ""evening_peak_hour"", ""hazard_scenario"": null, ""p"": ""medium_candidate_restriction"", ""objective"": ""establish_5_shelters"", ""issues"": [""Missing hazard scenario details (e.g., flood, earthquake) to determine shelter requirements."", ""Need specific location constraints or candidate set definition for the 'medium' restriction.""]}",False,False,needs_clarification,evening_peak_hour,,medium_candidate_restriction,establish_5_shelters,"[""Missing hazard scenario details (e.g., flood, earthquake) to determine shelter requirements."", ""Need specific location constraints or candidate set definition for the 'medium' restriction.""]","[""'Missing hazard scenario details (e.g., flood, earthquake) to determine shelter requirements.' is not one of ['missing_parameter', 'ambiguous_time', 'ambiguous_hazard', 'invalid_p', 'conflicting_time', 'conflicting_hazard', 'unsupported_objective', 'other']"", ""\""Need specific location constraints or candidate set definition for the 'medium' restriction.\"" is not one of ['missing_parameter', 'ambiguous_time', 'ambiguous_hazard', 'invalid_p', 'conflicting_time', 'conflicting_hazard', 'unsupported_objective', 'other']"", ""'establish_5_shelters' is not one of ['weighted_p_median', None]"", ""'medium_candidate_restriction' is not of type 'integer', 'null'"", ""'evening_peak_hour' is not one of ['morning', 'evening', 'night', None]""]"
S18,simple,L1,qwen3.5:9b,2026-08-12T01:38:24.377536+00:00,夜间按中等风险约束规划10个设施。,"{
  ""status"": ""needs_clarification"",
  ""time_scenario"": ""night"",
  ""hazard_scenario"": null,
  ""p"": ""medium_risk"",
  ""objective"": ""plan_10_facilities"",
  ""issues"": [
    ""未指定具体的灾害类型（如洪水、地震等），无法确定'hazard_scenario'。"",
    ""缺少设施的具体位置信息或候选点列表，无法进行选址规划。""
  ]
}","{""status"": ""needs_clarification"", ""time_scenario"": ""night"", ""hazard_scenario"": null, ""p"": ""medium_risk"", ""objective"": ""plan_10_facilities"", ""issues"": [""未指定具体的灾害类型（如洪水、地震等），无法确定'hazard_scenario'。"", ""缺少设施的具体位置信息或候选点列表，无法进行选址规划。""]}",True,False,False,needs_clarification,False,,"{""status"": ""needs_clarification"", ""time_scenario"": ""night"", ""hazard_scenario"": null, ""p"": ""medium_risk"", ""objective"": ""plan_10_facilities"", ""issues"": [""未指定具体的灾害类型（如洪水、地震等），无法确定'hazard_scenario'。"", ""缺少设施的具体位置信息或候选点列表，无法进行选址规划。""]}",False,False,needs_clarification,night,,medium_risk,plan_10_facilities,"[""未指定具体的灾害类型（如洪水、地震等），无法确定'hazard_scenario'。"", ""缺少设施的具体位置信息或候选点列表，无法进行选址规划。""]","[""\""未指定具体的灾害类型（如洪水、地震等），无法确定'hazard_scenario'。\"" is not one of ['missing_parameter', 'ambiguous_time', 'ambiguous_hazard', 'invalid_p', 'conflicting_time', 'conflicting_hazard', 'unsupported_objective', 'other']"", ""'缺少设施的具体位置信息或候选点列表，无法进行选址规划。' is not one of ['missing_parameter', 'ambiguous_time', 'ambiguous_hazard', 'invalid_p', 'conflicting_time', 'conflicting_hazard', 'unsupported_objective', 'other']"", ""'plan_10_facilities' is not one of ['weighted_p_median', None]"", ""'medium_risk' is not of type 'integer', 'null'""]"
S19,simple,L1,qwen3.5:9b,2026-08-12T01:38:26.542418+00:00,基准候选情景下，为早高峰选择15处避难设施。,"{
  ""status"": ""needs_clarification"",
  ""time_scenario"": ""morning_peak"",
  ""hazard_scenario"": null,
  ""p"": 15,
  ""objective"": ""select_shelter_sites"",
  ""issues"": [
    ""基准候选情景的具体定义未提供（例如：是否指代特定的初始设施列表、地理范围或约束条件）"",
    ""灾害类型及对应的避难需求特征未知""
  ]
}","{""status"": ""needs_clarification"", ""time_scenario"": ""morning_peak"", ""hazard_scenario"": null, ""p"": 15, ""objective"": ""select_shelter_sites"", ""issues"": [""基准候选情景的具体定义未提供（例如：是否指代特定的初始设施列表、地理范围或约束条件）"", ""灾害类型及对应的避难需求特征未知""]}",True,False,False,needs_clarification,False,,"{""status"": ""needs_clarification"", ""time_scenario"": ""morning_peak"", ""hazard_scenario"": null, ""p"": 15, ""objective"": ""select_shelter_sites"", ""issues"": [""基准候选情景的具体定义未提供（例如：是否指代特定的初始设施列表、地理范围或约束条件）"", ""灾害类型及对应的避难需求特征未知""]}",False,False,needs_clarification,morning_peak,,15,select_shelter_sites,"[""基准候选情景的具体定义未提供（例如：是否指代特定的初始设施列表、地理范围或约束条件）"", ""灾害类型及对应的避难需求特征未知""]","[""'基准候选情景的具体定义未提供（例如：是否指代特定的初始设施列表、地理范围或约束条件）' is not one of ['missing_parameter', 'ambiguous_time', 'ambiguous_hazard', 'invalid_p', 'conflicting_time', 'conflicting_hazard', 'unsupported_objective', 'other']"", ""'灾害类型及对应的避难需求特征未知' is not one of ['missing_parameter', 'ambiguous_time', 'ambiguous_hazard', 'invalid_p', 'conflicting_time', 'conflicting_hazard', 'unsupported_objective', 'other']"", ""'select_shelter_sites' is not one of ['weighted_p_median', None]"", ""'morning_peak' is not one of ['morning', 'evening', 'night', None]""]"
S20,simple,L1,qwen3.5:9b,2026-08-12T01:38:28.646602+00:00,严格候选约束下，晚高峰设施数量取15。,"{
  ""status"": ""needs_clarification"",
  ""time_scenario"": ""even_peak_hour"",
  ""hazard_scenario"": null,
  ""p"": 15,
  ""objective"": null,
  ""issues"": [
    ""未指定具体优化目标（如最小化风险、最大化覆盖率等）"",
    ""缺少候选设施集合的定义或约束条件描述""
  ]
}","{""status"": ""needs_clarification"", ""time_scenario"": ""even_peak_hour"", ""hazard_scenario"": null, ""p"": 15, ""objective"": null, ""issues"": [""未指定具体优化目标（如最小化风险、最大化覆盖率等）"", ""缺少候选设施集合的定义或约束条件描述""]}",True,False,False,needs_clarification,False,,"{""status"": ""needs_clarification"", ""time_scenario"": ""even_peak_hour"", ""hazard_scenario"": null, ""p"": 15, ""objective"": null, ""issues"": [""未指定具体优化目标（如最小化风险、最大化覆盖率等）"", ""缺少候选设施集合的定义或约束条件描述""]}",False,False,needs_clarification,even_peak_hour,,15,,"[""未指定具体优化目标（如最小化风险、最大化覆盖率等）"", ""缺少候选设施集合的定义或约束条件描述""]","[""'未指定具体优化目标（如最小化风险、最大化覆盖率等）' is not one of ['missing_parameter', 'ambiguous_time', 'ambiguous_hazard', 'invalid_p', 'conflicting_time', 'conflicting_hazard', 'unsupported_objective', 'other']"", ""'缺少候选设施集合的定义或约束条件描述' is not one of ['missing_parameter', 'ambiguous_time', 'ambiguous_hazard', 'invalid_p', 'conflicting_time', 'conflicting_hazard', 'unsupported_objective', 'other']"", ""'even_peak_hour' is not one of ['morning', 'evening', 'night', None]""]"
C01,composite,L1,qwen3.5:9b,2026-08-12T01:38:30.755346+00:00,考虑晚高峰时期的流动活动需求，在采用中等程度候选约束后设置10个避难所，并尽量降低需求到设施的总体道路网络距离。,"{
  ""status"": ""needs_clarification"",
  ""time_scenario"": ""even_peak_hour"",
  ""hazard_scenario"": null,
  ""p"": 0.5,
  ""objective"": ""minimize_total_network_distance"",
  ""issues"": [
    ""未指定具体的灾害类型或场景（如洪水、地震等），无法确定避难所选址的具体约束条件。""
  ]
}","{""status"": ""needs_clarification"", ""time_scenario"": ""even_peak_hour"", ""hazard_scenario"": null, ""p"": 0.5, ""objective"": ""minimize_total_network_distance"", ""issues"": [""未指定具体的灾害类型或场景（如洪水、地震等），无法确定避难所选址的具体约束条件。""]}",True,False,False,needs_clarification,False,,"{""status"": ""needs_clarification"", ""time_scenario"": ""even_peak_hour"", ""hazard_scenario"": null, ""p"": 0.5, ""objective"": ""minimize_total_network_distance"", ""issues"": [""未指定具体的灾害类型或场景（如洪水、地震等），无法确定避难所选址的具体约束条件。""]}",False,False,needs_clarification,even_peak_hour,,0.5,minimize_total_network_distance,"[""未指定具体的灾害类型或场景（如洪水、地震等），无法确定避难所选址的具体约束条件。""]","[""'未指定具体的灾害类型或场景（如洪水、地震等），无法确定避难所选址的具体约束条件。' is not one of ['missing_parameter', 'ambiguous_time', 'ambiguous_hazard', 'invalid_p', 'conflicting_time', 'conflicting_hazard', 'unsupported_objective', 'other']"", ""'minimize_total_network_distance' is not one of ['weighted_p_median', None]"", ""0.5 is not of type 'integer', 'null'"", ""0.5 is less than the minimum of 5"", ""'even_peak_hour' is not one of ['morning', 'evening', 'night', None]""]"
C02,composite,L1,qwen3.5:9b,2026-08-12T01:38:33.010819+00:00,如果执行最严格的候选安全策略，请面向夜间需求规划15个避难设施，以加权道路网络距离最小为目标。,"{
  ""status"": ""needs_clarification"",
  ""time_scenario"": ""night"",
  ""hazard_scenario"": null,
  ""p"": 0.95,
  ""objective"": ""minimize_weighted_distance"",
  ""issues"": [
    ""未指定具体的灾害类型（如地震、洪水等），无法确定'hazard_scenario'。"",
    ""未提供候选设施的具体位置列表或地理空间数据，无法进行选址规划。"",
    ""未定义‘最严格的候选安全策略’的具体指标和约束条件（例如：最大允许风险值、特定基础设施要求等）。""
  ]
}","{""status"": ""needs_clarification"", ""time_scenario"": ""night"", ""hazard_scenario"": null, ""p"": 0.95, ""objective"": ""minimize_weighted_distance"", ""issues"": [""未指定具体的灾害类型（如地震、洪水等），无法确定'hazard_scenario'。"", ""未提供候选设施的具体位置列表或地理空间数据，无法进行选址规划。"", ""未定义‘最严格的候选安全策略’的具体指标和约束条件（例如：最大允许风险值、特定基础设施要求等）。""]}",True,False,False,needs_clarification,False,,"{""status"": ""needs_clarification"", ""time_scenario"": ""night"", ""hazard_scenario"": null, ""p"": 0.95, ""objective"": ""minimize_weighted_distance"", ""issues"": [""未指定具体的灾害类型（如地震、洪水等），无法确定'hazard_scenario'。"", ""未提供候选设施的具体位置列表或地理空间数据，无法进行选址规划。"", ""未定义‘最严格的候选安全策略’的具体指标和约束条件（例如：最大允许风险值、特定基础设施要求等）。""]}",False,False,needs_clarification,night,,0.95,minimize_weighted_distance,"[""未指定具体的灾害类型（如地震、洪水等），无法确定'hazard_scenario'。"", ""未提供候选设施的具体位置列表或地理空间数据，无法进行选址规划。"", ""未定义‘最严格的候选安全策略’的具体指标和约束条件（例如：最大允许风险值、特定基础设施要求等）。""]","[""\""未指定具体的灾害类型（如地震、洪水等），无法确定'hazard_scenario'。\"" is not one of ['missing_parameter', 'ambiguous_time', 'ambiguous_hazard', 'invalid_p', 'conflicting_time', 'conflicting_hazard', 'unsupported_objective', 'other']"", ""'未提供候选设施的具体位置列表或地理空间数据，无法进行选址规划。' is not one of ['missing_parameter', 'ambiguous_time', 'ambiguous_hazard', 'invalid_p', 'conflicting_time', 'conflicting_hazard', 'unsupported_objective', 'other']"", ""'未定义‘最严格的候选安全策略’的具体指标和约束条件（例如：最大允许风险值、特定基础设施要求等）。' is not one of ['missing_parameter', 'ambiguous_time', 'ambiguous_hazard', 'invalid_p', 'conflicting_time', 'conflicting_hazard', 'unsupported_objective', 'other']"", ""'minimize_weighted_distance' is not one of ['weighted_p_median', None]"", ""0.95 is not of type 'integer', 'null'"", ""0.95 is less than the minimum of 5""]"
C03,composite,L1,qwen3.5:9b,2026-08-12T01:38:35.833879+00:00,为比较早高峰的规划表现，请保留完整候选集合，选取5处设施，并按流动需求权重最小化网络距离。,"{
  ""status"": ""needs_clarification"",
  ""time_scenario"": ""morning_peak"",
  ""hazard_scenario"": null,
  ""p"": 5,
  ""objective"": ""minimize_network_distance_weighted_by_flow_demand"",
  ""issues"": [
    ""未指定候选设施集合的具体范围或列表，无法保留完整候选集合并从中选取。""
  ]
}","{""status"": ""needs_clarification"", ""time_scenario"": ""morning_peak"", ""hazard_scenario"": null, ""p"": 5, ""objective"": ""minimize_network_distance_weighted_by_flow_demand"", ""issues"": [""未指定候选设施集合的具体范围或列表，无法保留完整候选集合并从中选取。""]}",True,False,False,needs_clarification,False,,"{""status"": ""needs_clarification"", ""time_scenario"": ""morning_peak"", ""hazard_scenario"": null, ""p"": 5, ""objective"": ""minimize_network_distance_weighted_by_flow_demand"", ""issues"": [""未指定候选设施集合的具体范围或列表，无法保留完整候选集合并从中选取。""]}",False,False,needs_clarification,morning_peak,,5,minimize_network_distance_weighted_by_flow_demand,"[""未指定候选设施集合的具体范围或列表，无法保留完整候选集合并从中选取。""]","[""'未指定候选设施集合的具体范围或列表，无法保留完整候选集合并从中选取。' is not one of ['missing_parameter', 'ambiguous_time', 'ambiguous_hazard', 'invalid_p', 'conflicting_time', 'conflicting_hazard', 'unsupported_objective', 'other']"", ""'minimize_network_distance_weighted_by_flow_demand' is not one of ['weighted_p_median', None]"", ""'morning_peak' is not one of ['morning', 'evening', 'night', None]""]"
C04,composite,L1,qwen3.5:9b,2026-08-12T01:38:37.842377+00:00,本次只分析下班高峰：排除严格情景下不允许的候选点，将设施数固定为10，目标仍是加权P中位。,"{
  ""status"": ""needs_clarification"",
  ""time_scenario"": ""peak_evening_rush_hour"",
  ""hazard_scenario"": null,
  ""p"": 10,
  ""objective"": ""weighted_p_median"",
  ""issues"": [
    ""Strictly prohibited candidate points are not defined; specific exclusion criteria or a list of excluded locations must be provided."",
    ""The definition of 'strict scenario' is ambiguous and requires clarification regarding which constraints apply during the evening peak hour.""
  ]
}","{""status"": ""needs_clarification"", ""time_scenario"": ""peak_evening_rush_hour"", ""hazard_scenario"": null, ""p"": 10, ""objective"": ""weighted_p_median"", ""issues"": [""Strictly prohibited candidate points are not defined; specific exclusion criteria or a list of excluded locations must be provided."", ""The definition of 'strict scenario' is ambiguous and requires clarification regarding which constraints apply during the evening peak hour.""]}",True,False,False,needs_clarification,False,,"{""status"": ""needs_clarification"", ""time_scenario"": ""peak_evening_rush_hour"", ""hazard_scenario"": null, ""p"": 10, ""objective"": ""weighted_p_median"", ""issues"": [""Strictly prohibited candidate points are not defined; specific exclusion criteria or a list of excluded locations must be provided."", ""The definition of 'strict scenario' is ambiguous and requires clarification regarding which constraints apply during the evening peak hour.""]}",False,False,needs_clarification,peak_evening_rush_hour,,10,weighted_p_median,"[""Strictly prohibited candidate points are not defined; specific exclusion criteria or a list of excluded locations must be provided."", ""The definition of 'strict scenario' is ambiguous and requires clarification regarding which constraints apply during the evening peak hour.""]","[""'Strictly prohibited candidate points are not defined; specific exclusion criteria or a list of excluded locations must be provided.' is not one of ['missing_parameter', 'ambiguous_time', 'ambiguous_hazard', 'invalid_p', 'conflicting_time', 'conflicting_hazard', 'unsupported_objective', 'other']"", ""\""The definition of 'strict scenario' is ambiguous and requires clarification regarding which constraints apply during the evening peak hour.\"" is not one of ['missing_parameter', 'ambiguous_time', 'ambiguous_hazard', 'invalid_p', 'conflicting_time', 'conflicting_hazard', 'unsupported_objective', 'other']"", ""'peak_evening_rush_hour' is not one of ['morning', 'evening', 'night', None]""]"
C05,composite,L1,qwen3.5:9b,2026-08-12T01:38:40.151054+00:00,针对夜间流动活动分布，不做额外候选排除，在438个候选中确定10个设施，使加权网络距离尽可能小。,"{
  ""status"": ""needs_clarification"",
  ""time_scenario"": ""night"",
  ""hazard_scenario"": null,
  ""p"": 10,
  ""objective"": ""minimize_weighted_network_distance"",
  ""issues"": [
    ""未指定候选设施的具体列表或数据来源，无法从438个未知实体中筛选。"",
    ""未定义'加权网络距离'的权重属性（如人口密度、出行频率等）及计算范围（全局还是局部）。""
  ]
}","{""status"": ""needs_clarification"", ""time_scenario"": ""night"", ""hazard_scenario"": null, ""p"": 10, ""objective"": ""minimize_weighted_network_distance"", ""issues"": [""未指定候选设施的具体列表或数据来源，无法从438个未知实体中筛选。"", ""未定义'加权网络距离'的权重属性（如人口密度、出行频率等）及计算范围（全局还是局部）。""]}",True,False,False,needs_clarification,False,,"{""status"": ""needs_clarification"", ""time_scenario"": ""night"", ""hazard_scenario"": null, ""p"": 10, ""objective"": ""minimize_weighted_network_distance"", ""issues"": [""未指定候选设施的具体列表或数据来源，无法从438个未知实体中筛选。"", ""未定义'加权网络距离'的权重属性（如人口密度、出行频率等）及计算范围（全局还是局部）。""]}",False,False,needs_clarification,night,,10,minimize_weighted_network_distance,"[""未指定候选设施的具体列表或数据来源，无法从438个未知实体中筛选。"", ""未定义'加权网络距离'的权重属性（如人口密度、出行频率等）及计算范围（全局还是局部）。""]","[""'未指定候选设施的具体列表或数据来源，无法从438个未知实体中筛选。' is not one of ['missing_parameter', 'ambiguous_time', 'ambiguous_hazard', 'invalid_p', 'conflicting_time', 'conflicting_hazard', 'unsupported_objective', 'other']"", ""\""未定义'加权网络距离'的权重属性（如人口密度、出行频率等）及计算范围（全局还是局部）。\"" is not one of ['missing_parameter', 'ambiguous_time', 'ambiguous_hazard', 'invalid_p', 'conflicting_time', 'conflicting_hazard', 'unsupported_objective', 'other']"", ""'minimize_weighted_network_distance' is not one of ['weighted_p_median', None]""]"
C06,composite,L1,qwen3.5:9b,2026-08-12T01:38:42.545386+00:00,请建立早晨通勤高峰方案，采用中等候选可行性限制并开放15处，优化总体加权道路距离。,"{
  ""status"": ""needs_clarification"",
  ""time_scenario"": ""morning_rush_hour"",
  ""hazard_scenario"": null,
  ""p"": 0.5,
  ""objective"": ""minimize_weighted_road_distance"",
  ""issues"": [
    ""未指定具体的候选站点列表或地理区域范围，无法确定'开放15处'的具体位置。"",
    ""缺少道路网络数据及权重定义（如拥堵系数、事故率等），无法计算加权距离。"",
    ""未提供人口分布或其他需求点信息以构建优化模型。""
  ]
}","{""status"": ""needs_clarification"", ""time_scenario"": ""morning_rush_hour"", ""hazard_scenario"": null, ""p"": 0.5, ""objective"": ""minimize_weighted_road_distance"", ""issues"": [""未指定具体的候选站点列表或地理区域范围，无法确定'开放15处'的具体位置。"", ""缺少道路网络数据及权重定义（如拥堵系数、事故率等），无法计算加权距离。"", ""未提供人口分布或其他需求点信息以构建优化模型。""]}",True,False,False,needs_clarification,False,,"{""status"": ""needs_clarification"", ""time_scenario"": ""morning_rush_hour"", ""hazard_scenario"": null, ""p"": 0.5, ""objective"": ""minimize_weighted_road_distance"", ""issues"": [""未指定具体的候选站点列表或地理区域范围，无法确定'开放15处'的具体位置。"", ""缺少道路网络数据及权重定义（如拥堵系数、事故率等），无法计算加权距离。"", ""未提供人口分布或其他需求点信息以构建优化模型。""]}",False,False,needs_clarification,morning_rush_hour,,0.5,minimize_weighted_road_distance,"[""未指定具体的候选站点列表或地理区域范围，无法确定'开放15处'的具体位置。"", ""缺少道路网络数据及权重定义（如拥堵系数、事故率等），无法计算加权距离。"", ""未提供人口分布或其他需求点信息以构建优化模型。""]","[""\""未指定具体的候选站点列表或地理区域范围，无法确定'开放15处'的具体位置。\"" is not one of ['missing_parameter', 'ambiguous_time', 'ambiguous_hazard', 'invalid_p', 'conflicting_time', 'conflicting_hazard', 'unsupported_objective', 'other']"", ""'缺少道路网络数据及权重定义（如拥堵系数、事故率等），无法计算加权距离。' is not one of ['missing_parameter', 'ambiguous_time', 'ambiguous_hazard', 'invalid_p', 'conflicting_time', 'conflicting_hazard', 'unsupported_objective', 'other']"", ""'未提供人口分布或其他需求点信息以构建优化模型。' is not one of ['missing_parameter', 'ambiguous_time', 'ambiguous_hazard', 'invalid_p', 'conflicting_time', 'conflicting_hazard', 'unsupported_objective', 'other']"", ""'minimize_weighted_road_distance' is not one of ['weighted_p_median', None]"", ""0.5 is not of type 'integer', 'null'"", ""0.5 is less than the minimum of 5"", ""'morning_rush_hour' is not one of ['morning', 'evening', 'night', None]""]"
C07,composite,L1,qwen3.5:9b,2026-08-12T01:38:45.286844+00:00,虽然需要报告道路网络距离，但规划情景固定为晚高峰、基准候选集合和p=5，使用现有加权P中位目标。,"{
  ""status"": ""valid"",
  ""time_scenario"": ""even_peak_hour"",
  ""hazard_scenario"": ""baseline_candidate_set"",
  ""p"": 5,
  ""objective"": ""weighted_p_median_with_distance_report"",
  ""issues"": []
}","{""status"": ""valid"", ""time_scenario"": ""even_peak_hour"", ""hazard_scenario"": ""baseline_candidate_set"", ""p"": 5, ""objective"": ""weighted_p_median_with_distance_report"", ""issues"": []}",True,False,False,valid,False,,"{""status"": ""valid"", ""time_scenario"": ""even_peak_hour"", ""hazard_scenario"": ""baseline_candidate_set"", ""p"": 5, ""objective"": ""weighted_p_median_with_distance_report"", ""issues"": []}",False,False,valid,even_peak_hour,baseline_candidate_set,5,weighted_p_median_with_distance_report,[],"[""'baseline_candidate_set' is not one of ['baseline', 'moderate', 'strict', None]"", ""'weighted_p_median_with_distance_report' is not one of ['weighted_p_median', None]"", ""'even_peak_hour' is not one of ['morning', 'evening', 'night', None]""]"
C08,composite,L1,qwen3.5:9b,2026-08-12T01:38:46.705827+00:00,面向夜间需求，在中等灾害候选约束下只选5个设施；位置由确定性优化器按加权距离目标计算。,"{
  ""status"": ""needs_clarification"",
  ""time_scenario"": ""night"",
  ""hazard_scenario"": ""medium_disaster_candidates"",
  ""p"": null,
  ""objective"": ""select_5_facilities_based_on_weighted_distance_minimization_by_deterministic_optimizer"",
  ""issues"": [
    ""Missing specific value for parameter 'p' (e.g., probability threshold or population weight exponent)."",
    ""The term 'medium_disaster_candidates' is ambiguous; it requires clarification on whether this refers to a hazard severity level, the number of candidate sites available, or a specific constraint set.""
  ]
}","{""status"": ""needs_clarification"", ""time_scenario"": ""night"", ""hazard_scenario"": ""medium_disaster_candidates"", ""p"": null, ""objective"": ""select_5_facilities_based_on_weighted_distance_minimization_by_deterministic_optimizer"", ""issues"": [""Missing specific value for parameter 'p' (e.g., probability threshold or population weight exponent)."", ""The term 'medium_disaster_candidates' is ambiguous; it requires clarification on whether this refers to a hazard severity level, the number of candidate sites available, or a specific constraint set.""]}",True,False,False,needs_clarification,False,,"{""status"": ""needs_clarification"", ""time_scenario"": ""night"", ""hazard_scenario"": ""medium_disaster_candidates"", ""p"": null, ""objective"": ""select_5_facilities_based_on_weighted_distance_minimization_by_deterministic_optimizer"", ""issues"": [""Missing specific value for parameter 'p' (e.g., probability threshold or population weight exponent)."", ""The term 'medium_disaster_candidates' is ambiguous; it requires clarification on whether this refers to a hazard severity level, the number of candidate sites available, or a specific constraint set.""]}",False,False,needs_clarification,night,medium_disaster_candidates,,select_5_facilities_based_on_weighted_distance_minimization_by_deterministic_optimizer,"[""Missing specific value for parameter 'p' (e.g., probability threshold or population weight exponent)."", ""The term 'medium_disaster_candidates' is ambiguous; it requires clarification on whether this refers to a hazard severity level, the number of candidate sites available, or a specific constraint set.""]","[""'medium_disaster_candidates' is not one of ['baseline', 'moderate', 'strict', None]"", ""\""Missing specific value for parameter 'p' (e.g., probability threshold or population weight exponent).\"" is not one of ['missing_parameter', 'ambiguous_time', 'ambiguous_hazard', 'invalid_p', 'conflicting_time', 'conflicting_hazard', 'unsupported_objective', 'other']"", ""\""The term 'medium_disaster_candidates' is ambiguous; it requires clarification on whether this refers to a hazard severity level, the number of candidate sites available, or a specific constraint set.\"" is not one of ['missing_parameter', 'ambiguous_time', 'ambiguous_hazard', 'invalid_p', 'conflicting_time', 'conflicting_hazard', 'unsupported_objective', 'other']"", ""'select_5_facilities_based_on_weighted_distance_minimization_by_deterministic_optimizer' is not one of ['weighted_p_median', None]""]"
C09,composite,L1,qwen3.5:9b,2026-08-12T01:38:49.439316+00:00,早高峰方案应采用严格候选限制，设施数量为10，求解时最小化归一化流动活动权重对应的网络距离。,"{
  ""status"": ""needs_clarification"",
  ""time_scenario"": ""morning_peak"",
  ""hazard_scenario"": null,
  ""p"": 10,
  ""objective"": ""minimize_normalized_flow_activity_weight_network_distance"",
  ""issues"": [
    ""The term 'strict candidate restriction' (严格候选限制) is ambiguous; please specify if this refers to restricting the number of facilities to exactly 10 or applying specific eligibility criteria."",
    ""Please clarify what constitutes 'normalized flow activity weight' in your context, as standard network distance minimization typically uses raw demand/flow values.""
  ]
}","{""status"": ""needs_clarification"", ""time_scenario"": ""morning_peak"", ""hazard_scenario"": null, ""p"": 10, ""objective"": ""minimize_normalized_flow_activity_weight_network_distance"", ""issues"": [""The term 'strict candidate restriction' (严格候选限制) is ambiguous; please specify if this refers to restricting the number of facilities to exactly 10 or applying specific eligibility criteria."", ""Please clarify what constitutes 'normalized flow activity weight' in your context, as standard network distance minimization typically uses raw demand/flow values.""]}",True,False,False,needs_clarification,False,,"{""status"": ""needs_clarification"", ""time_scenario"": ""morning_peak"", ""hazard_scenario"": null, ""p"": 10, ""objective"": ""minimize_normalized_flow_activity_weight_network_distance"", ""issues"": [""The term 'strict candidate restriction' (严格候选限制) is ambiguous; please specify if this refers to restricting the number of facilities to exactly 10 or applying specific eligibility criteria."", ""Please clarify what constitutes 'normalized flow activity weight' in your context, as standard network distance minimization typically uses raw demand/flow values.""]}",False,False,needs_clarification,morning_peak,,10,minimize_normalized_flow_activity_weight_network_distance,"[""The term 'strict candidate restriction' (严格候选限制) is ambiguous; please specify if this refers to restricting the number of facilities to exactly 10 or applying specific eligibility criteria."", ""Please clarify what constitutes 'normalized flow activity weight' in your context, as standard network distance minimization typically uses raw demand/flow values.""]","[""\""The term 'strict candidate restriction' (严格候选限制) is ambiguous; please specify if this refers to restricting the number of facilities to exactly 10 or applying specific eligibility criteria.\"" is not one of ['missing_parameter', 'ambiguous_time', 'ambiguous_hazard', 'invalid_p', 'conflicting_time', 'conflicting_hazard', 'unsupported_objective', 'other']"", ""\""Please clarify what constitutes 'normalized flow activity weight' in your context, as standard network distance minimization typically uses raw demand/flow values.\"" is not one of ['missing_parameter', 'ambiguous_time', 'ambiguous_hazard', 'invalid_p', 'conflicting_time', 'conflicting_hazard', 'unsupported_objective', 'other']"", ""'minimize_normalized_flow_activity_weight_network_distance' is not one of ['weighted_p_median', None]"", ""'morning_peak' is not one of ['morning', 'evening', 'night', None]""]"
C10,composite,L1,qwen3.5:9b,2026-08-12T01:38:52.432335+00:00,请为傍晚通勤高峰准备15设施方案，不额外删除候选设施，优化准则为weighted p-median。,"{
  ""status"": ""needs_clarification"",
  ""time_scenario"": ""evening_peak_hour"",
  ""hazard_scenario"": null,
  ""p"": 15,
  ""objective"": ""weighted_p_median"",
  ""issues"": [
    ""候选设施列表未提供，无法确定不额外删除的具体范围。""
  ]
}","{""status"": ""needs_clarification"", ""time_scenario"": ""evening_peak_hour"", ""hazard_scenario"": null, ""p"": 15, ""objective"": ""weighted_p_median"", ""issues"": [""候选设施列表未提供，无法确定不额外删除的具体范围。""]}",True,False,False,needs_clarification,False,,"{""status"": ""needs_clarification"", ""time_scenario"": ""evening_peak_hour"", ""hazard_scenario"": null, ""p"": 15, ""objective"": ""weighted_p_median"", ""issues"": [""候选设施列表未提供，无法确定不额外删除的具体范围。""]}",False,False,needs_clarification,evening_peak_hour,,15,weighted_p_median,"[""候选设施列表未提供，无法确定不额外删除的具体范围。""]","[""'候选设施列表未提供，无法确定不额外删除的具体范围。' is not one of ['missing_parameter', 'ambiguous_time', 'ambiguous_hazard', 'invalid_p', 'conflicting_time', 'conflicting_hazard', 'unsupported_objective', 'other']"", ""'evening_peak_hour' is not one of ['morning', 'evening', 'night', None]""]"
C11,composite,L1,qwen3.5:9b,2026-08-12T01:38:54.431404+00:00,在夜深时段的需求场景中，使用严格的候选可行性约束，令p=5，并交给MHA-PM最小化加权网络距离。,"{
  ""status"": ""needs_clarification"",
  ""time_scenario"": ""night"",
  ""hazard_scenario"": null,
  ""p"": 5,
  ""objective"": ""minimize_weighted_network_distance"",
  ""issues"": [
    ""未指定具体的候选可行性约束条件（如：最大行驶时间、特定路段通行限制等），无法构建严格的约束集。""
  ]
}","{""status"": ""needs_clarification"", ""time_scenario"": ""night"", ""hazard_scenario"": null, ""p"": 5, ""objective"": ""minimize_weighted_network_distance"", ""issues"": [""未指定具体的候选可行性约束条件（如：最大行驶时间、特定路段通行限制等），无法构建严格的约束集。""]}",True,False,False,needs_clarification,False,,"{""status"": ""needs_clarification"", ""time_scenario"": ""night"", ""hazard_scenario"": null, ""p"": 5, ""objective"": ""minimize_weighted_network_distance"", ""issues"": [""未指定具体的候选可行性约束条件（如：最大行驶时间、特定路段通行限制等），无法构建严格的约束集。""]}",False,False,needs_clarification,night,,5,minimize_weighted_network_distance,"[""未指定具体的候选可行性约束条件（如：最大行驶时间、特定路段通行限制等），无法构建严格的约束集。""]","[""'未指定具体的候选可行性约束条件（如：最大行驶时间、特定路段通行限制等），无法构建严格的约束集。' is not one of ['missing_parameter', 'ambiguous_time', 'ambiguous_hazard', 'invalid_p', 'conflicting_time', 'conflicting_hazard', 'unsupported_objective', 'other']"", ""'minimize_weighted_network_distance' is not one of ['weighted_p_median', None]""]"
C12,composite,L1,qwen3.5:9b,2026-08-12T01:38:56.706893+00:00,为了测试候选约束影响，早高峰采用baseline，选10处避难设施，目标为需求权重下的总网络距离最小。,"{
  ""status"": ""valid"",
  ""time_scenario"": ""morning_peak"",
  ""hazard_scenario"": null,
  ""p"": 10,
  ""objective"": ""minimize_total_network_distance_weighted_by_demand"",
  ""issues"": []
}","{""status"": ""valid"", ""time_scenario"": ""morning_peak"", ""hazard_scenario"": null, ""p"": 10, ""objective"": ""minimize_total_network_distance_weighted_by_demand"", ""issues"": []}",True,False,False,valid,False,,"{""status"": ""valid"", ""time_scenario"": ""morning_peak"", ""hazard_scenario"": null, ""p"": 10, ""objective"": ""minimize_total_network_distance_weighted_by_demand"", ""issues"": []}",False,False,valid,morning_peak,,10,minimize_total_network_distance_weighted_by_demand,[],"[""'minimize_total_network_distance_weighted_by_demand' is not one of ['weighted_p_median', None]"", ""'morning_peak' is not one of ['morning', 'evening', 'night', None]""]"
C13,composite,L1,qwen3.5:9b,2026-08-12T01:38:58.236475+00:00,考虑晚高峰流动活动并采用moderate情景，开放15个设施；不要人工选址，由weighted p-median求解。,"{
  ""status"": ""needs_clarification"",
  ""time_scenario"": ""even_peak_hour"",
  ""hazard_scenario"": ""moderate"",
  ""p"": 15,
  ""objective"": ""weighted_p_median"",
  ""issues"": [
    ""未指定具体的地理区域或城市范围（如：某市、某区）以定义候选设施点集和人口分布数据。"",
    ""未明确'晚高峰流动活动'的具体时间窗口（例如：17:00-20:00）。""
  ]
}","{""status"": ""needs_clarification"", ""time_scenario"": ""even_peak_hour"", ""hazard_scenario"": ""moderate"", ""p"": 15, ""objective"": ""weighted_p_median"", ""issues"": [""未指定具体的地理区域或城市范围（如：某市、某区）以定义候选设施点集和人口分布数据。"", ""未明确'晚高峰流动活动'的具体时间窗口（例如：17:00-20:00）。""]}",True,False,False,needs_clarification,False,,"{""status"": ""needs_clarification"", ""time_scenario"": ""even_peak_hour"", ""hazard_scenario"": ""moderate"", ""p"": 15, ""objective"": ""weighted_p_median"", ""issues"": [""未指定具体的地理区域或城市范围（如：某市、某区）以定义候选设施点集和人口分布数据。"", ""未明确'晚高峰流动活动'的具体时间窗口（例如：17:00-20:00）。""]}",False,False,needs_clarification,even_peak_hour,moderate,15,weighted_p_median,"[""未指定具体的地理区域或城市范围（如：某市、某区）以定义候选设施点集和人口分布数据。"", ""未明确'晚高峰流动活动'的具体时间窗口（例如：17:00-20:00）。""]","[""'未指定具体的地理区域或城市范围（如：某市、某区）以定义候选设施点集和人口分布数据。' is not one of ['missing_parameter', 'ambiguous_time', 'ambiguous_hazard', 'invalid_p', 'conflicting_time', 'conflicting_hazard', 'unsupported_objective', 'other']"", ""\""未明确'晚高峰流动活动'的具体时间窗口（例如：17:00-20:00）。\"" is not one of ['missing_parameter', 'ambiguous_time', 'ambiguous_hazard', 'invalid_p', 'conflicting_time', 'conflicting_hazard', 'unsupported_objective', 'other']"", ""'even_peak_hour' is not one of ['morning', 'evening', 'night', None]""]"
C14,composite,L1,qwen3.5:9b,2026-08-12T01:39:00.797780+00:00,夜间规划使用完整候选集，设施数设成15，以需求活动权重乘网络距离之和最小为目标。,"{
  ""status"": ""needs_clarification"",
  ""time_scenario"": ""night"",
  ""hazard_scenario"": null,
  ""p"": 15,
  ""objective"": ""minimize_sum_of_weighted_network_distances"",
  ""issues"": [
    ""The 'complete candidate set' (完整候选集) is not defined; specific locations or a data source for potential facility sites must be provided."",
    ""Demand activity weights are referenced but no dataset, file path, or calculation method for these weights has been specified.""
  ]
}","{""status"": ""needs_clarification"", ""time_scenario"": ""night"", ""hazard_scenario"": null, ""p"": 15, ""objective"": ""minimize_sum_of_weighted_network_distances"", ""issues"": [""The 'complete candidate set' (完整候选集) is not defined; specific locations or a data source for potential facility sites must be provided."", ""Demand activity weights are referenced but no dataset, file path, or calculation method for these weights has been specified.""]}",True,False,False,needs_clarification,False,,"{""status"": ""needs_clarification"", ""time_scenario"": ""night"", ""hazard_scenario"": null, ""p"": 15, ""objective"": ""minimize_sum_of_weighted_network_distances"", ""issues"": [""The 'complete candidate set' (完整候选集) is not defined; specific locations or a data source for potential facility sites must be provided."", ""Demand activity weights are referenced but no dataset, file path, or calculation method for these weights has been specified.""]}",False,False,needs_clarification,night,,15,minimize_sum_of_weighted_network_distances,"[""The 'complete candidate set' (完整候选集) is not defined; specific locations or a data source for potential facility sites must be provided."", ""Demand activity weights are referenced but no dataset, file path, or calculation method for these weights has been specified.""]","[""\""The 'complete candidate set' (完整候选集) is not defined; specific locations or a data source for potential facility sites must be provided.\"" is not one of ['missing_parameter', 'ambiguous_time', 'ambiguous_hazard', 'invalid_p', 'conflicting_time', 'conflicting_hazard', 'unsupported_objective', 'other']"", ""'Demand activity weights are referenced but no dataset, file path, or calculation method for these weights has been specified.' is not one of ['missing_parameter', 'ambiguous_time', 'ambiguous_hazard', 'invalid_p', 'conflicting_time', 'conflicting_hazard', 'unsupported_objective', 'other']"", ""'minimize_sum_of_weighted_network_distances' is not one of ['weighted_p_median', None]""]"
C15,composite,L1,qwen3.5:9b,2026-08-12T01:39:03.222290+00:00,先限定为早晨高峰，再使用最严格候选可行性条件，规划5个设施并执行现有加权P中位模型。,"{
  ""status"": ""needs_clarification"",
  ""time_scenario"": ""morning_peak"",
  ""hazard_scenario"": null,
  ""p"": null,
  ""objective"": ""weighted_p_median"",
  ""issues"": [
    ""未指定具体的候选设施位置集合（Candidate Sites）以进行规划。"",
    ""未提供人口分布数据或需求点坐标，无法执行加权 P-中位模型计算。"",
    ""‘最严格候选可行性条件’的具体定义不明确（例如：是否包含距离限制、容量上限或其他约束），需要明确参数才能应用。""
  ]
}","{""status"": ""needs_clarification"", ""time_scenario"": ""morning_peak"", ""hazard_scenario"": null, ""p"": null, ""objective"": ""weighted_p_median"", ""issues"": [""未指定具体的候选设施位置集合（Candidate Sites）以进行规划。"", ""未提供人口分布数据或需求点坐标，无法执行加权 P-中位模型计算。"", ""‘最严格候选可行性条件’的具体定义不明确（例如：是否包含距离限制、容量上限或其他约束），需要明确参数才能应用。""]}",True,False,False,needs_clarification,False,,"{""status"": ""needs_clarification"", ""time_scenario"": ""morning_peak"", ""hazard_scenario"": null, ""p"": null, ""objective"": ""weighted_p_median"", ""issues"": [""未指定具体的候选设施位置集合（Candidate Sites）以进行规划。"", ""未提供人口分布数据或需求点坐标，无法执行加权 P-中位模型计算。"", ""‘最严格候选可行性条件’的具体定义不明确（例如：是否包含距离限制、容量上限或其他约束），需要明确参数才能应用。""]}",False,False,needs_clarification,morning_peak,,,weighted_p_median,"[""未指定具体的候选设施位置集合（Candidate Sites）以进行规划。"", ""未提供人口分布数据或需求点坐标，无法执行加权 P-中位模型计算。"", ""‘最严格候选可行性条件’的具体定义不明确（例如：是否包含距离限制、容量上限或其他约束），需要明确参数才能应用。""]","[""'未指定具体的候选设施位置集合（Candidate Sites）以进行规划。' is not one of ['missing_parameter', 'ambiguous_time', 'ambiguous_hazard', 'invalid_p', 'conflicting_time', 'conflicting_hazard', 'unsupported_objective', 'other']"", ""'未提供人口分布数据或需求点坐标，无法执行加权 P-中位模型计算。' is not one of ['missing_parameter', 'ambiguous_time', 'ambiguous_hazard', 'invalid_p', 'conflicting_time', 'conflicting_hazard', 'unsupported_objective', 'other']"", ""'‘最严格候选可行性条件’的具体定义不明确（例如：是否包含距离限制、容量上限或其他约束），需要明确参数才能应用。' is not one of ['missing_parameter', 'ambiguous_time', 'ambiguous_hazard', 'invalid_p', 'conflicting_time', 'conflicting_hazard', 'unsupported_objective', 'other']"", ""'morning_peak' is not one of ['morning', 'evening', 'night', None]""]"
C16,composite,L1,qwen3.5:9b,2026-08-12T01:39:05.889947+00:00,这是一个晚高峰、中等灾害候选约束的规划请求：p取5，优化目标保持为加权道路网络距离。,"{
  ""status"": ""valid"",
  ""time_scenario"": ""even_peak_hour"",
  ""hazard_scenario"": ""medium_hazard_candidate_constraint"",
  ""p"": 5,
  ""objective"": ""weighted_road_network_distance"",
  ""issues"": []
}","{""status"": ""valid"", ""time_scenario"": ""even_peak_hour"", ""hazard_scenario"": ""medium_hazard_candidate_constraint"", ""p"": 5, ""objective"": ""weighted_road_network_distance"", ""issues"": []}",True,False,False,valid,False,,"{""status"": ""valid"", ""time_scenario"": ""even_peak_hour"", ""hazard_scenario"": ""medium_hazard_candidate_constraint"", ""p"": 5, ""objective"": ""weighted_road_network_distance"", ""issues"": []}",False,False,valid,even_peak_hour,medium_hazard_candidate_constraint,5,weighted_road_network_distance,[],"[""'medium_hazard_candidate_constraint' is not one of ['baseline', 'moderate', 'strict', None]"", ""'weighted_road_network_distance' is not one of ['weighted_p_median', None]"", ""'even_peak_hour' is not one of ['morning', 'evening', 'night', None]""]"
C17,composite,L1,qwen3.5:9b,2026-08-12T01:39:07.275928+00:00,请按夜间需求权重进行配置，moderate候选情景下开放10处设施，以现有MHA-PM目标计算。,"{
  ""status"": ""needs_clarification"",
  ""time_scenario"": ""night"",
  ""hazard_scenario"": ""moderate"",
  ""p"": 10,
  ""objective"": null,
  ""issues"": [
    ""未指定具体的优化目标函数（例如：最小化最大风险、最大化覆盖人口或最小化总成本），无法确定计算基准。""
  ]
}","{""status"": ""needs_clarification"", ""time_scenario"": ""night"", ""hazard_scenario"": ""moderate"", ""p"": 10, ""objective"": null, ""issues"": [""未指定具体的优化目标函数（例如：最小化最大风险、最大化覆盖人口或最小化总成本），无法确定计算基准。""]}",True,False,False,needs_clarification,False,,"{""status"": ""needs_clarification"", ""time_scenario"": ""night"", ""hazard_scenario"": ""moderate"", ""p"": 10, ""objective"": null, ""issues"": [""未指定具体的优化目标函数（例如：最小化最大风险、最大化覆盖人口或最小化总成本），无法确定计算基准。""]}",False,False,needs_clarification,night,moderate,10,,"[""未指定具体的优化目标函数（例如：最小化最大风险、最大化覆盖人口或最小化总成本），无法确定计算基准。""]","[""'未指定具体的优化目标函数（例如：最小化最大风险、最大化覆盖人口或最小化总成本），无法确定计算基准。' is not one of ['missing_parameter', 'ambiguous_time', 'ambiguous_hazard', 'invalid_p', 'conflicting_time', 'conflicting_hazard', 'unsupported_objective', 'other']""]"
C18,composite,L1,qwen3.5:9b,2026-08-12T01:39:09.146793+00:00,对早高峰进行设施数敏感性调用，本次p=15且不作额外候选排除，仍最小化加权网络距离。,"{
  ""status"": ""valid"",
  ""time_scenario"": ""morning_peak"",
  ""hazard_scenario"": null,
  ""p"": 15,
  ""objective"": ""minimize_weighted_network_distance"",
  ""issues"": []
}","{""status"": ""valid"", ""time_scenario"": ""morning_peak"", ""hazard_scenario"": null, ""p"": 15, ""objective"": ""minimize_weighted_network_distance"", ""issues"": []}",True,False,False,valid,False,,"{""status"": ""valid"", ""time_scenario"": ""morning_peak"", ""hazard_scenario"": null, ""p"": 15, ""objective"": ""minimize_weighted_network_distance"", ""issues"": []}",False,False,valid,morning_peak,,15,minimize_weighted_network_distance,[],"[""'minimize_weighted_network_distance' is not one of ['weighted_p_median', None]"", ""'morning_peak' is not one of ['morning', 'evening', 'night', None]""]"
C19,composite,L1,qwen3.5:9b,2026-08-12T01:39:10.516728+00:00,为下班时段运行严格情景，固定开放5个候选避难设施，并让确定性求解器最小化加权距离。,"{
  ""status"": ""needs_clarification"",
  ""time_scenario"": ""evening_peak"",
  ""hazard_scenario"": ""strict"",
  ""p"": null,
  ""objective"": ""minimize_weighted_distance"",
  ""issues"": [
    ""未指定具体的避难设施候选列表（仅提到固定开放5个，但未提供地点或ID）"",
    ""缺少人口数据、需求点位置及权重参数以执行最小化加权距离计算""
  ]
}","{""status"": ""needs_clarification"", ""time_scenario"": ""evening_peak"", ""hazard_scenario"": ""strict"", ""p"": null, ""objective"": ""minimize_weighted_distance"", ""issues"": [""未指定具体的避难设施候选列表（仅提到固定开放5个，但未提供地点或ID）"", ""缺少人口数据、需求点位置及权重参数以执行最小化加权距离计算""]}",True,False,False,needs_clarification,False,,"{""status"": ""needs_clarification"", ""time_scenario"": ""evening_peak"", ""hazard_scenario"": ""strict"", ""p"": null, ""objective"": ""minimize_weighted_distance"", ""issues"": [""未指定具体的避难设施候选列表（仅提到固定开放5个，但未提供地点或ID）"", ""缺少人口数据、需求点位置及权重参数以执行最小化加权距离计算""]}",False,False,needs_clarification,evening_peak,strict,,minimize_weighted_distance,"[""未指定具体的避难设施候选列表（仅提到固定开放5个，但未提供地点或ID）"", ""缺少人口数据、需求点位置及权重参数以执行最小化加权距离计算""]","[""'未指定具体的避难设施候选列表（仅提到固定开放5个，但未提供地点或ID）' is not one of ['missing_parameter', 'ambiguous_time', 'ambiguous_hazard', 'invalid_p', 'conflicting_time', 'conflicting_hazard', 'unsupported_objective', 'other']"", ""'缺少人口数据、需求点位置及权重参数以执行最小化加权距离计算' is not one of ['missing_parameter', 'ambiguous_time', 'ambiguous_hazard', 'invalid_p', 'conflicting_time', 'conflicting_hazard', 'unsupported_objective', 'other']"", ""'minimize_weighted_distance' is not one of ['weighted_p_median', None]"", ""'evening_peak' is not one of ['morning', 'evening', 'night', None]""]"
C20,composite,L1,qwen3.5:9b,2026-08-12T01:39:12.711384+00:00,夜间需求采用strict候选规则和p=10；请求只解析参数，随后由MHA-PM求解weighted_p_median。,"{
  ""status"": ""valid"",
  ""time_scenario"": ""night"",
  ""hazard_scenario"": null,
  ""p"": 10.0,
  ""objective"": ""weighted_p_median"",
  ""issues"": []
}","{""status"": ""valid"", ""time_scenario"": ""night"", ""hazard_scenario"": null, ""p"": 10.0, ""objective"": ""weighted_p_median"", ""issues"": []}",True,True,False,valid,False,,"{""status"": ""valid"", ""time_scenario"": ""night"", ""hazard_scenario"": null, ""p"": 10.0, ""objective"": ""weighted_p_median"", ""issues"": []}",True,False,valid,night,,10.0,weighted_p_median,[],"[""valid status has null core fields: ['hazard_scenario']""]"
A01,ambiguous_invalid,L1,qwen3.5:9b,2026-08-12T01:39:14.062373+00:00,采用严格灾害候选约束选择10个避难所。,"{
  ""status"": ""needs_clarification"",
  ""time_scenario"": null,
  ""hazard_scenario"": null,
  ""p"": null,
  ""objective"": ""select_10_shelters_under_strict_hazard_constraints"",
  ""issues"": [
    ""Missing time scenario (e.g., pre-disaster, during disaster)."",
    ""Missing hazard scenario details (type of disaster, affected areas, severity levels)."",
    ""Parameter 'p' is undefined; clarify if it refers to a probability threshold or population coverage ratio."",
    ""Definition of 'strict hazard candidate constraints' needs clarification (e.g., specific exclusion criteria for shelter locations).""
  ]
}","{""status"": ""needs_clarification"", ""time_scenario"": null, ""hazard_scenario"": null, ""p"": null, ""objective"": ""select_10_shelters_under_strict_hazard_constraints"", ""issues"": [""Missing time scenario (e.g., pre-disaster, during disaster)."", ""Missing hazard scenario details (type of disaster, affected areas, severity levels)."", ""Parameter 'p' is undefined; clarify if it refers to a probability threshold or population coverage ratio."", ""Definition of 'strict hazard candidate constraints' needs clarification (e.g., specific exclusion criteria for shelter locations).""]}",True,False,False,needs_clarification,False,,"{""status"": ""needs_clarification"", ""time_scenario"": null, ""hazard_scenario"": null, ""p"": null, ""objective"": ""select_10_shelters_under_strict_hazard_constraints"", ""issues"": [""Missing time scenario (e.g., pre-disaster, during disaster)."", ""Missing hazard scenario details (type of disaster, affected areas, severity levels)."", ""Parameter 'p' is undefined; clarify if it refers to a probability threshold or population coverage ratio."", ""Definition of 'strict hazard candidate constraints' needs clarification (e.g., specific exclusion criteria for shelter locations).""]}",False,False,needs_clarification,,,,select_10_shelters_under_strict_hazard_constraints,"[""Missing time scenario (e.g., pre-disaster, during disaster)."", ""Missing hazard scenario details (type of disaster, affected areas, severity levels)."", ""Parameter 'p' is undefined; clarify if it refers to a probability threshold or population coverage ratio."", ""Definition of 'strict hazard candidate constraints' needs clarification (e.g., specific exclusion criteria for shelter locations).""]","[""'Missing time scenario (e.g., pre-disaster, during disaster).' is not one of ['missing_parameter', 'ambiguous_time', 'ambiguous_hazard', 'invalid_p', 'conflicting_time', 'conflicting_hazard', 'unsupported_objective', 'other']"", ""'Missing hazard scenario details (type of disaster, affected areas, severity levels).' is not one of ['missing_parameter', 'ambiguous_time', 'ambiguous_hazard', 'invalid_p', 'conflicting_time', 'conflicting_hazard', 'unsupported_objective', 'other']"", ""\""Parameter 'p' is undefined; clarify if it refers to a probability threshold or population coverage ratio.\"" is not one of ['missing_parameter', 'ambiguous_time', 'ambiguous_hazard', 'invalid_p', 'conflicting_time', 'conflicting_hazard', 'unsupported_objective', 'other']"", ""\""Definition of 'strict hazard candidate constraints' needs clarification (e.g., specific exclusion criteria for shelter locations).\"" is not one of ['missing_parameter', 'ambiguous_time', 'ambiguous_hazard', 'invalid_p', 'conflicting_time', 'conflicting_hazard', 'unsupported_objective', 'other']"", ""'select_10_shelters_under_strict_hazard_constraints' is not one of ['weighted_p_median', None]""]"
A02,ambiguous_invalid,L1,qwen3.5:9b,2026-08-12T01:39:16.911114+00:00,请为早高峰规划10个避难设施。,"{
  ""status"": ""needs_clarification"",
  ""time_scenario"": null,
  ""hazard_scenario"": null,
  ""p"": null,
  ""objective"": ""select_10_shelter_sites_for_morning_rush_hour"",
  ""issues"": [
    ""未指定灾害类型（如洪水、地震等）以确定避难设施的功能需求。"",
    ""未提供早高峰的具体时间段定义，以便进行时间场景分析。"",
    ""缺少规划区域范围或地理边界信息以定位设施位置。"",
    ""缺乏人口分布数据及交通网络参数用于评估可达性和容量约束。""
  ]
}","{""status"": ""needs_clarification"", ""time_scenario"": null, ""hazard_scenario"": null, ""p"": null, ""objective"": ""select_10_shelter_sites_for_morning_rush_hour"", ""issues"": [""未指定灾害类型（如洪水、地震等）以确定避难设施的功能需求。"", ""未提供早高峰的具体时间段定义，以便进行时间场景分析。"", ""缺少规划区域范围或地理边界信息以定位设施位置。"", ""缺乏人口分布数据及交通网络参数用于评估可达性和容量约束。""]}",True,False,False,needs_clarification,False,,"{""status"": ""needs_clarification"", ""time_scenario"": null, ""hazard_scenario"": null, ""p"": null, ""objective"": ""select_10_shelter_sites_for_morning_rush_hour"", ""issues"": [""未指定灾害类型（如洪水、地震等）以确定避难设施的功能需求。"", ""未提供早高峰的具体时间段定义，以便进行时间场景分析。"", ""缺少规划区域范围或地理边界信息以定位设施位置。"", ""缺乏人口分布数据及交通网络参数用于评估可达性和容量约束。""]}",False,False,needs_clarification,,,,select_10_shelter_sites_for_morning_rush_hour,"[""未指定灾害类型（如洪水、地震等）以确定避难设施的功能需求。"", ""未提供早高峰的具体时间段定义，以便进行时间场景分析。"", ""缺少规划区域范围或地理边界信息以定位设施位置。"", ""缺乏人口分布数据及交通网络参数用于评估可达性和容量约束。""]","[""'未指定灾害类型（如洪水、地震等）以确定避难设施的功能需求。' is not one of ['missing_parameter', 'ambiguous_time', 'ambiguous_hazard', 'invalid_p', 'conflicting_time', 'conflicting_hazard', 'unsupported_objective', 'other']"", ""'未提供早高峰的具体时间段定义，以便进行时间场景分析。' is not one of ['missing_parameter', 'ambiguous_time', 'ambiguous_hazard', 'invalid_p', 'conflicting_time', 'conflicting_hazard', 'unsupported_objective', 'other']"", ""'缺少规划区域范围或地理边界信息以定位设施位置。' is not one of ['missing_parameter', 'ambiguous_time', 'ambiguous_hazard', 'invalid_p', 'conflicting_time', 'conflicting_hazard', 'unsupported_objective', 'other']"", ""'缺乏人口分布数据及交通网络参数用于评估可达性和容量约束。' is not one of ['missing_parameter', 'ambiguous_time', 'ambiguous_hazard', 'invalid_p', 'conflicting_time', 'conflicting_hazard', 'unsupported_objective', 'other']"", ""'select_10_shelter_sites_for_morning_rush_hour' is not one of ['weighted_p_median', None]""]"
A03,ambiguous_invalid,L1,qwen3.5:9b,2026-08-12T01:39:19.689655+00:00,夜间采用中等灾害候选约束进行避难所规划。,"{
  ""status"": ""needs_clarification"",
  ""time_scenario"": ""night"",
  ""hazard_scenario"": ""medium_disaster_candidate_constraints"",
  ""p"": null,
  ""objective"": null,
  ""issues"": [
    ""Missing specific objective function or optimization goal (e.g., minimize evacuation time, maximize coverage)."",
    ""Parameter 'p' is undefined; clarify if it refers to a probability threshold, population size, or another planning parameter."",
    ""'Medium disaster candidate constraints' requires definition of the specific hazard type and constraint levels.""
  ]
}","{""status"": ""needs_clarification"", ""time_scenario"": ""night"", ""hazard_scenario"": ""medium_disaster_candidate_constraints"", ""p"": null, ""objective"": null, ""issues"": [""Missing specific objective function or optimization goal (e.g., minimize evacuation time, maximize coverage)."", ""Parameter 'p' is undefined; clarify if it refers to a probability threshold, population size, or another planning parameter."", ""'Medium disaster candidate constraints' requires definition of the specific hazard type and constraint levels.""]}",True,False,False,needs_clarification,False,,"{""status"": ""needs_clarification"", ""time_scenario"": ""night"", ""hazard_scenario"": ""medium_disaster_candidate_constraints"", ""p"": null, ""objective"": null, ""issues"": [""Missing specific objective function or optimization goal (e.g., minimize evacuation time, maximize coverage)."", ""Parameter 'p' is undefined; clarify if it refers to a probability threshold, population size, or another planning parameter."", ""'Medium disaster candidate constraints' requires definition of the specific hazard type and constraint levels.""]}",False,False,needs_clarification,night,medium_disaster_candidate_constraints,,,"[""Missing specific objective function or optimization goal (e.g., minimize evacuation time, maximize coverage)."", ""Parameter 'p' is undefined; clarify if it refers to a probability threshold, population size, or another planning parameter."", ""'Medium disaster candidate constraints' requires definition of the specific hazard type and constraint levels.""]","[""'medium_disaster_candidate_constraints' is not one of ['baseline', 'moderate', 'strict', None]"", ""'Missing specific objective function or optimization goal (e.g., minimize evacuation time, maximize coverage).' is not one of ['missing_parameter', 'ambiguous_time', 'ambiguous_hazard', 'invalid_p', 'conflicting_time', 'conflicting_hazard', 'unsupported_objective', 'other']"", ""\""Parameter 'p' is undefined; clarify if it refers to a probability threshold, population size, or another planning parameter.\"" is not one of ['missing_parameter', 'ambiguous_time', 'ambiguous_hazard', 'invalid_p', 'conflicting_time', 'conflicting_hazard', 'unsupported_objective', 'other']"", ""\""'Medium disaster candidate constraints' requires definition of the specific hazard type and constraint levels.\"" is not one of ['missing_parameter', 'ambiguous_time', 'ambiguous_hazard', 'invalid_p', 'conflicting_time', 'conflicting_hazard', 'unsupported_objective', 'other']""]"
A04,ambiguous_invalid,L1,qwen3.5:9b,2026-08-12T01:39:22.242769+00:00,晚上帮我设置10个基准情景的避难所。,"{
  ""status"": ""needs_clarification"",
  ""time_scenario"": null,
  ""hazard_scenario"": null,
  ""p"": null,
  ""objective"": ""setup_10_baseline_shelters_evening"",
  ""issues"": [
    ""Missing hazard scenario (e.g., flood, earthquake) to define shelter requirements."",
    ""Time 'evening' is ambiguous; needs specific date or duration for the simulation."",
    ""Parameter 'p' not defined in request.""
  ]
}","{""status"": ""needs_clarification"", ""time_scenario"": null, ""hazard_scenario"": null, ""p"": null, ""objective"": ""setup_10_baseline_shelters_evening"", ""issues"": [""Missing hazard scenario (e.g., flood, earthquake) to define shelter requirements."", ""Time 'evening' is ambiguous; needs specific date or duration for the simulation."", ""Parameter 'p' not defined in request.""]}",True,False,False,needs_clarification,False,,"{""status"": ""needs_clarification"", ""time_scenario"": null, ""hazard_scenario"": null, ""p"": null, ""objective"": ""setup_10_baseline_shelters_evening"", ""issues"": [""Missing hazard scenario (e.g., flood, earthquake) to define shelter requirements."", ""Time 'evening' is ambiguous; needs specific date or duration for the simulation."", ""Parameter 'p' not defined in request.""]}",False,False,needs_clarification,,,,setup_10_baseline_shelters_evening,"[""Missing hazard scenario (e.g., flood, earthquake) to define shelter requirements."", ""Time 'evening' is ambiguous; needs specific date or duration for the simulation."", ""Parameter 'p' not defined in request.""]","[""'Missing hazard scenario (e.g., flood, earthquake) to define shelter requirements.' is not one of ['missing_parameter', 'ambiguous_time', 'ambiguous_hazard', 'invalid_p', 'conflicting_time', 'conflicting_hazard', 'unsupported_objective', 'other']"", ""\""Time 'evening' is ambiguous; needs specific date or duration for the simulation.\"" is not one of ['missing_parameter', 'ambiguous_time', 'ambiguous_hazard', 'invalid_p', 'conflicting_time', 'conflicting_hazard', 'unsupported_objective', 'other']"", ""\""Parameter 'p' not defined in request.\"" is not one of ['missing_parameter', 'ambiguous_time', 'ambiguous_hazard', 'invalid_p', 'conflicting_time', 'conflicting_hazard', 'unsupported_objective', 'other']"", ""'setup_10_baseline_shelters_evening' is not one of ['weighted_p_median', None]""]"
A05,ambiguous_invalid,L1,qwen3.5:9b,2026-08-12T01:39:24.520681+00:00,早高峰选择10个避难所，采用比较安全的候选方案。,"{
  ""status"": ""needs_clarification"",
  ""time_scenario"": ""morning_rush_hour"",
  ""hazard_scenario"": null,
  ""p"": null,
  ""objective"": ""select_10_shelters_with_high_safety_score"",
  ""issues"": [
    ""missing_hazard_type_and_intensity_to_determine_specific_safety_criteria"",
    ""missing_population_data_or_demand_distribution_for_rush_hour_scenario""
  ]
}","{""status"": ""needs_clarification"", ""time_scenario"": ""morning_rush_hour"", ""hazard_scenario"": null, ""p"": null, ""objective"": ""select_10_shelters_with_high_safety_score"", ""issues"": [""missing_hazard_type_and_intensity_to_determine_specific_safety_criteria"", ""missing_population_data_or_demand_distribution_for_rush_hour_scenario""]}",True,False,False,needs_clarification,False,,"{""status"": ""needs_clarification"", ""time_scenario"": ""morning_rush_hour"", ""hazard_scenario"": null, ""p"": null, ""objective"": ""select_10_shelters_with_high_safety_score"", ""issues"": [""missing_hazard_type_and_intensity_to_determine_specific_safety_criteria"", ""missing_population_data_or_demand_distribution_for_rush_hour_scenario""]}",False,False,needs_clarification,morning_rush_hour,,,select_10_shelters_with_high_safety_score,"[""missing_hazard_type_and_intensity_to_determine_specific_safety_criteria"", ""missing_population_data_or_demand_distribution_for_rush_hour_scenario""]","[""'missing_hazard_type_and_intensity_to_determine_specific_safety_criteria' is not one of ['missing_parameter', 'ambiguous_time', 'ambiguous_hazard', 'invalid_p', 'conflicting_time', 'conflicting_hazard', 'unsupported_objective', 'other']"", ""'missing_population_data_or_demand_distribution_for_rush_hour_scenario' is not one of ['missing_parameter', 'ambiguous_time', 'ambiguous_hazard', 'invalid_p', 'conflicting_time', 'conflicting_hazard', 'unsupported_objective', 'other']"", ""'select_10_shelters_with_high_safety_score' is not one of ['weighted_p_median', None]"", ""'morning_rush_hour' is not one of ['morning', 'evening', 'night', None]""]"
A06,ambiguous_invalid,L1,qwen3.5:9b,2026-08-12T01:39:26.632681+00:00,晚高峰在基准情景下选择十个半避难所。,"{
  ""status"": ""needs_clarification"",
  ""time_scenario"": ""evening_peak_hour"",
  ""hazard_scenario"": null,
  ""p"": 10,
  ""objective"": ""select_shelter_sites"",
  ""issues"": [
    ""基准情景 (baseline scenario) 未定义具体的灾害类型或风险水平，无法确定避难所选址的适用性。"",
    ""缺少选择半避难所的约束条件（如容量、可达性或特定资源要求）。""
  ]
}","{""status"": ""needs_clarification"", ""time_scenario"": ""evening_peak_hour"", ""hazard_scenario"": null, ""p"": 10, ""objective"": ""select_shelter_sites"", ""issues"": [""基准情景 (baseline scenario) 未定义具体的灾害类型或风险水平，无法确定避难所选址的适用性。"", ""缺少选择半避难所的约束条件（如容量、可达性或特定资源要求）。""]}",True,False,False,needs_clarification,False,,"{""status"": ""needs_clarification"", ""time_scenario"": ""evening_peak_hour"", ""hazard_scenario"": null, ""p"": 10, ""objective"": ""select_shelter_sites"", ""issues"": [""基准情景 (baseline scenario) 未定义具体的灾害类型或风险水平，无法确定避难所选址的适用性。"", ""缺少选择半避难所的约束条件（如容量、可达性或特定资源要求）。""]}",False,False,needs_clarification,evening_peak_hour,,10,select_shelter_sites,"[""基准情景 (baseline scenario) 未定义具体的灾害类型或风险水平，无法确定避难所选址的适用性。"", ""缺少选择半避难所的约束条件（如容量、可达性或特定资源要求）。""]","[""'基准情景 (baseline scenario) 未定义具体的灾害类型或风险水平，无法确定避难所选址的适用性。' is not one of ['missing_parameter', 'ambiguous_time', 'ambiguous_hazard', 'invalid_p', 'conflicting_time', 'conflicting_hazard', 'unsupported_objective', 'other']"", ""'缺少选择半避难所的约束条件（如容量、可达性或特定资源要求）。' is not one of ['missing_parameter', 'ambiguous_time', 'ambiguous_hazard', 'invalid_p', 'conflicting_time', 'conflicting_hazard', 'unsupported_objective', 'other']"", ""'select_shelter_sites' is not one of ['weighted_p_median', None]"", ""'evening_peak_hour' is not one of ['morning', 'evening', 'night', None]""]"
A07,ambiguous_invalid,L1,qwen3.5:9b,2026-08-12T01:39:28.937882+00:00,同时按早高峰和夜间需求选10个避难所，使用基准候选集合。,"{
  ""status"": ""needs_clarification"",
  ""time_scenario"": [""morning_peak"", ""night""],
  ""hazard_scenario"": null,
  ""p"": 10,
  ""objective"": ""select_shelter_sites"",
  ""issues"": [
    ""Missing hazard scenario specification (e.g., flood, earthquake) to determine site suitability."",
    ""The 'baseline candidate set' is not defined; specific shelter IDs or a list of available sites must be provided.""
  ]
}","{""status"": ""needs_clarification"", ""time_scenario"": [""morning_peak"", ""night""], ""hazard_scenario"": null, ""p"": 10, ""objective"": ""select_shelter_sites"", ""issues"": [""Missing hazard scenario specification (e.g., flood, earthquake) to determine site suitability."", ""The 'baseline candidate set' is not defined; specific shelter IDs or a list of available sites must be provided.""]}",True,False,False,needs_clarification,False,,"{""status"": ""needs_clarification"", ""time_scenario"": [""morning_peak"", ""night""], ""hazard_scenario"": null, ""p"": 10, ""objective"": ""select_shelter_sites"", ""issues"": [""Missing hazard scenario specification (e.g., flood, earthquake) to determine site suitability."", ""The 'baseline candidate set' is not defined; specific shelter IDs or a list of available sites must be provided.""]}",False,False,needs_clarification,"['morning_peak', 'night']",,10,select_shelter_sites,"[""Missing hazard scenario specification (e.g., flood, earthquake) to determine site suitability."", ""The 'baseline candidate set' is not defined; specific shelter IDs or a list of available sites must be provided.""]","[""'Missing hazard scenario specification (e.g., flood, earthquake) to determine site suitability.' is not one of ['missing_parameter', 'ambiguous_time', 'ambiguous_hazard', 'invalid_p', 'conflicting_time', 'conflicting_hazard', 'unsupported_objective', 'other']"", ""\""The 'baseline candidate set' is not defined; specific shelter IDs or a list of available sites must be provided.\"" is not one of ['missing_parameter', 'ambiguous_time', 'ambiguous_hazard', 'invalid_p', 'conflicting_time', 'conflicting_hazard', 'unsupported_objective', 'other']"", ""'select_shelter_sites' is not one of ['weighted_p_median', None]"", ""['morning_peak', 'night'] is not of type 'string', 'null'"", ""['morning_peak', 'night'] is not one of ['morning', 'evening', 'night', None]""]"
A08,ambiguous_invalid,L1,qwen3.5:9b,2026-08-12T01:39:31.209898+00:00,夜间选择10个设施，同时采用中等和严格灾害候选约束。,"{
  ""status"": ""needs_clarification"",
  ""time_scenario"": null,
  ""hazard_scenario"": {
    ""level"": [""medium"", ""strict""],
    ""issue_count"": 2
  },
  ""p"": 10,
  ""objective"": null,
  ""issues"": [
    ""未指定时间场景（time_scenario）：需要明确是‘夜间’、‘白天’还是其他特定时间段。"",
    ""目标函数（objective）缺失：需说明选择设施的具体优化标准，例如最小化总距离、最大化覆盖人口或平衡成本与风险等。""
  ]
}","{""status"": ""needs_clarification"", ""time_scenario"": null, ""hazard_scenario"": {""level"": [""medium"", ""strict""], ""issue_count"": 2}, ""p"": 10, ""objective"": null, ""issues"": [""未指定时间场景（time_scenario）：需要明确是‘夜间’、‘白天’还是其他特定时间段。"", ""目标函数（objective）缺失：需说明选择设施的具体优化标准，例如最小化总距离、最大化覆盖人口或平衡成本与风险等。""]}",True,False,False,needs_clarification,False,,"{""status"": ""needs_clarification"", ""time_scenario"": null, ""hazard_scenario"": {""level"": [""medium"", ""strict""], ""issue_count"": 2}, ""p"": 10, ""objective"": null, ""issues"": [""未指定时间场景（time_scenario）：需要明确是‘夜间’、‘白天’还是其他特定时间段。"", ""目标函数（objective）缺失：需说明选择设施的具体优化标准，例如最小化总距离、最大化覆盖人口或平衡成本与风险等。""]}",False,False,needs_clarification,,"{'level': ['medium', 'strict'], 'issue_count': 2}",10,,"[""未指定时间场景（time_scenario）：需要明确是‘夜间’、‘白天’还是其他特定时间段。"", ""目标函数（objective）缺失：需说明选择设施的具体优化标准，例如最小化总距离、最大化覆盖人口或平衡成本与风险等。""]","[""{'level': ['medium', 'strict'], 'issue_count': 2} is not of type 'string', 'null'"", ""{'level': ['medium', 'strict'], 'issue_count': 2} is not one of ['baseline', 'moderate', 'strict', None]"", ""'未指定时间场景（time_scenario）：需要明确是‘夜间’、‘白天’还是其他特定时间段。' is not one of ['missing_parameter', 'ambiguous_time', 'ambiguous_hazard', 'invalid_p', 'conflicting_time', 'conflicting_hazard', 'unsupported_objective', 'other']"", ""'目标函数（objective）缺失：需说明选择设施的具体优化标准，例如最小化总距离、最大化覆盖人口或平衡成本与风险等。' is not one of ['missing_parameter', 'ambiguous_time', 'ambiguous_hazard', 'invalid_p', 'conflicting_time', 'conflicting_hazard', 'unsupported_objective', 'other']""]"
A09,ambiguous_invalid,L1,qwen3.5:9b,2026-08-12T01:39:33.945922+00:00,早高峰基准情景选10个设施，目标改为最小化最大距离。,"{
  ""status"": ""needs_clarification"",
  ""time_scenario"": ""morning_peak"",
  ""hazard_scenario"": null,
  ""p"": 10,
  ""objective"": ""minimize_max_distance"",
  ""issues"": [
    ""Missing specific location data or facility list for the 'baseline scenario' to select from."",
    ""The definition of service area boundaries is not provided.""
  ]
}","{""status"": ""needs_clarification"", ""time_scenario"": ""morning_peak"", ""hazard_scenario"": null, ""p"": 10, ""objective"": ""minimize_max_distance"", ""issues"": [""Missing specific location data or facility list for the 'baseline scenario' to select from."", ""The definition of service area boundaries is not provided.""]}",True,False,False,needs_clarification,False,,"{""status"": ""needs_clarification"", ""time_scenario"": ""morning_peak"", ""hazard_scenario"": null, ""p"": 10, ""objective"": ""minimize_max_distance"", ""issues"": [""Missing specific location data or facility list for the 'baseline scenario' to select from."", ""The definition of service area boundaries is not provided.""]}",False,False,needs_clarification,morning_peak,,10,minimize_max_distance,"[""Missing specific location data or facility list for the 'baseline scenario' to select from."", ""The definition of service area boundaries is not provided.""]","[""\""Missing specific location data or facility list for the 'baseline scenario' to select from.\"" is not one of ['missing_parameter', 'ambiguous_time', 'ambiguous_hazard', 'invalid_p', 'conflicting_time', 'conflicting_hazard', 'unsupported_objective', 'other']"", ""'The definition of service area boundaries is not provided.' is not one of ['missing_parameter', 'ambiguous_time', 'ambiguous_hazard', 'invalid_p', 'conflicting_time', 'conflicting_hazard', 'unsupported_objective', 'other']"", ""'minimize_max_distance' is not one of ['weighted_p_median', None]"", ""'morning_peak' is not one of ['morning', 'evening', 'night', None]""]"
A10,ambiguous_invalid,L1,qwen3.5:9b,2026-08-12T01:39:35.969432+00:00,请你直接判断坐标并给出晚高峰严格情景下10个最佳避难所，不要调用优化器。,"{
  ""status"": ""needs_clarification"",
  ""time_scenario"": ""evening_peak"",
  ""hazard_scenario"": null,
  ""p"": null,
  ""objective"": null,
  ""issues"": [
    ""Missing input coordinates to determine shelter locations."",
    ""Hazard scenario (e.g., flood, earthquake) is not specified."",
    ""Parameter 'p' for the optimization model is missing."",
    ""Objective function definition is required.""
  ]
}","{""status"": ""needs_clarification"", ""time_scenario"": ""evening_peak"", ""hazard_scenario"": null, ""p"": null, ""objective"": null, ""issues"": [""Missing input coordinates to determine shelter locations."", ""Hazard scenario (e.g., flood, earthquake) is not specified."", ""Parameter 'p' for the optimization model is missing."", ""Objective function definition is required.""]}",True,False,False,needs_clarification,False,,"{""status"": ""needs_clarification"", ""time_scenario"": ""evening_peak"", ""hazard_scenario"": null, ""p"": null, ""objective"": null, ""issues"": [""Missing input coordinates to determine shelter locations."", ""Hazard scenario (e.g., flood, earthquake) is not specified."", ""Parameter 'p' for the optimization model is missing."", ""Objective function definition is required.""]}",False,False,needs_clarification,evening_peak,,,,"[""Missing input coordinates to determine shelter locations."", ""Hazard scenario (e.g., flood, earthquake) is not specified."", ""Parameter 'p' for the optimization model is missing."", ""Objective function definition is required.""]","[""'Missing input coordinates to determine shelter locations.' is not one of ['missing_parameter', 'ambiguous_time', 'ambiguous_hazard', 'invalid_p', 'conflicting_time', 'conflicting_hazard', 'unsupported_objective', 'other']"", ""'Hazard scenario (e.g., flood, earthquake) is not specified.' is not one of ['missing_parameter', 'ambiguous_time', 'ambiguous_hazard', 'invalid_p', 'conflicting_time', 'conflicting_hazard', 'unsupported_objective', 'other']"", ""\""Parameter 'p' for the optimization model is missing.\"" is not one of ['missing_parameter', 'ambiguous_time', 'ambiguous_hazard', 'invalid_p', 'conflicting_time', 'conflicting_hazard', 'unsupported_objective', 'other']"", ""'Objective function definition is required.' is not one of ['missing_parameter', 'ambiguous_time', 'ambiguous_hazard', 'invalid_p', 'conflicting_time', 'conflicting_hazard', 'unsupported_objective', 'other']"", ""'evening_peak' is not one of ['morning', 'evening', 'night', None]""]"
A11,ambiguous_invalid,L1,qwen3.5:9b,2026-08-12T01:39:38.185998+00:00,早高峰选5个设施，后面又改为15个；采用中等候选约束。,"{
  ""status"": ""needs_clarification"",
  ""time_scenario"": ""morning_peak"",
  ""hazard_scenario"": null,
  ""p"": ""medium_candidate_constraint"",
  ""objective"": null,
  ""issues"": [
    ""The specific number of facilities to select (initially 5, then changed to 15) is ambiguous; the final intended count needs confirmation."",
    ""Missing hazard scenario details required for planning context.""
  ]
}","{""status"": ""needs_clarification"", ""time_scenario"": ""morning_peak"", ""hazard_scenario"": null, ""p"": ""medium_candidate_constraint"", ""objective"": null, ""issues"": [""The specific number of facilities to select (initially 5, then changed to 15) is ambiguous; the final intended count needs confirmation."", ""Missing hazard scenario details required for planning context.""]}",True,False,False,needs_clarification,False,,"{""status"": ""needs_clarification"", ""time_scenario"": ""morning_peak"", ""hazard_scenario"": null, ""p"": ""medium_candidate_constraint"", ""objective"": null, ""issues"": [""The specific number of facilities to select (initially 5, then changed to 15) is ambiguous; the final intended count needs confirmation."", ""Missing hazard scenario details required for planning context.""]}",False,False,needs_clarification,morning_peak,,medium_candidate_constraint,,"[""The specific number of facilities to select (initially 5, then changed to 15) is ambiguous; the final intended count needs confirmation."", ""Missing hazard scenario details required for planning context.""]","[""'The specific number of facilities to select (initially 5, then changed to 15) is ambiguous; the final intended count needs confirmation.' is not one of ['missing_parameter', 'ambiguous_time', 'ambiguous_hazard', 'invalid_p', 'conflicting_time', 'conflicting_hazard', 'unsupported_objective', 'other']"", ""'Missing hazard scenario details required for planning context.' is not one of ['missing_parameter', 'ambiguous_time', 'ambiguous_hazard', 'invalid_p', 'conflicting_time', 'conflicting_hazard', 'unsupported_objective', 'other']"", ""'medium_candidate_constraint' is not of type 'integer', 'null'"", ""'morning_peak' is not one of ['morning', 'evening', 'night', None]""]"
A12,ambiguous_invalid,L1,qwen3.5:9b,2026-08-12T01:39:40.375568+00:00,夜间严格情景选择500个避难所。,"{
  ""status"": ""needs_clarification"",
  ""time_scenario"": ""night"",
  ""hazard_scenario"": null,
  ""p"": null,
  ""objective"": ""select_500_shelters"",
  ""issues"": [
    ""未指定灾害情景（如地震、洪水等）以匹配夜间严格条件。"",
    ""缺少人口参数 p 的具体数值或定义方式。""
  ]
}","{""status"": ""needs_clarification"", ""time_scenario"": ""night"", ""hazard_scenario"": null, ""p"": null, ""objective"": ""select_500_shelters"", ""issues"": [""未指定灾害情景（如地震、洪水等）以匹配夜间严格条件。"", ""缺少人口参数 p 的具体数值或定义方式。""]}",True,False,False,needs_clarification,False,,"{""status"": ""needs_clarification"", ""time_scenario"": ""night"", ""hazard_scenario"": null, ""p"": null, ""objective"": ""select_500_shelters"", ""issues"": [""未指定灾害情景（如地震、洪水等）以匹配夜间严格条件。"", ""缺少人口参数 p 的具体数值或定义方式。""]}",False,False,needs_clarification,night,,,select_500_shelters,"[""未指定灾害情景（如地震、洪水等）以匹配夜间严格条件。"", ""缺少人口参数 p 的具体数值或定义方式。""]","[""'未指定灾害情景（如地震、洪水等）以匹配夜间严格条件。' is not one of ['missing_parameter', 'ambiguous_time', 'ambiguous_hazard', 'invalid_p', 'conflicting_time', 'conflicting_hazard', 'unsupported_objective', 'other']"", ""'缺少人口参数 p 的具体数值或定义方式。' is not one of ['missing_parameter', 'ambiguous_time', 'ambiguous_hazard', 'invalid_p', 'conflicting_time', 'conflicting_hazard', 'unsupported_objective', 'other']"", ""'select_500_shelters' is not one of ['weighted_p_median', None]""]"
A13,ambiguous_invalid,L1,qwen3.5:9b,2026-08-12T01:39:42.388276+00:00,晚高峰基准候选集合只设置3处设施。,"{
  ""status"": ""needs_clarification"",
  ""time_scenario"": ""even_peak_hour"",
  ""hazard_scenario"": null,
  ""p"": 3,
  ""objective"": null,
  ""issues"": [
    ""The request specifies the number of facilities (3) but does not define the optimization objective function or constraints."",
    ""Missing information on whether this is a baseline scenario for comparison against other scenarios.""
  ]
}","{""status"": ""needs_clarification"", ""time_scenario"": ""even_peak_hour"", ""hazard_scenario"": null, ""p"": 3, ""objective"": null, ""issues"": [""The request specifies the number of facilities (3) but does not define the optimization objective function or constraints."", ""Missing information on whether this is a baseline scenario for comparison against other scenarios.""]}",True,False,False,needs_clarification,False,,"{""status"": ""needs_clarification"", ""time_scenario"": ""even_peak_hour"", ""hazard_scenario"": null, ""p"": 3, ""objective"": null, ""issues"": [""The request specifies the number of facilities (3) but does not define the optimization objective function or constraints."", ""Missing information on whether this is a baseline scenario for comparison against other scenarios.""]}",False,False,needs_clarification,even_peak_hour,,3,,"[""The request specifies the number of facilities (3) but does not define the optimization objective function or constraints."", ""Missing information on whether this is a baseline scenario for comparison against other scenarios.""]","[""'The request specifies the number of facilities (3) but does not define the optimization objective function or constraints.' is not one of ['missing_parameter', 'ambiguous_time', 'ambiguous_hazard', 'invalid_p', 'conflicting_time', 'conflicting_hazard', 'unsupported_objective', 'other']"", ""'Missing information on whether this is a baseline scenario for comparison against other scenarios.' is not one of ['missing_parameter', 'ambiguous_time', 'ambiguous_hazard', 'invalid_p', 'conflicting_time', 'conflicting_hazard', 'unsupported_objective', 'other']"", ""3 is less than the minimum of 5"", ""'even_peak_hour' is not one of ['morning', 'evening', 'night', None]""]"
A14,ambiguous_invalid,L1,qwen3.5:9b,2026-08-12T01:39:44.457791+00:00,在通勤高峰时段按中等约束选择15个设施。,"{
  ""status"": ""needs_clarification"",
  ""time_scenario"": ""commute_peak_hours"",
  ""hazard_scenario"": null,
  ""p"": 0.5,
  ""objective"": ""select_15_facilities"",
  ""issues"": [
    ""未指定设施类型（如医院、学校等）"",
    ""未提供地理空间数据或候选设施列表"",
    ""未定义‘中等约束’的具体参数范围""
  ]
}","{""status"": ""needs_clarification"", ""time_scenario"": ""commute_peak_hours"", ""hazard_scenario"": null, ""p"": 0.5, ""objective"": ""select_15_facilities"", ""issues"": [""未指定设施类型（如医院、学校等）"", ""未提供地理空间数据或候选设施列表"", ""未定义‘中等约束’的具体参数范围""]}",True,False,False,needs_clarification,False,,"{""status"": ""needs_clarification"", ""time_scenario"": ""commute_peak_hours"", ""hazard_scenario"": null, ""p"": 0.5, ""objective"": ""select_15_facilities"", ""issues"": [""未指定设施类型（如医院、学校等）"", ""未提供地理空间数据或候选设施列表"", ""未定义‘中等约束’的具体参数范围""]}",False,False,needs_clarification,commute_peak_hours,,0.5,select_15_facilities,"[""未指定设施类型（如医院、学校等）"", ""未提供地理空间数据或候选设施列表"", ""未定义‘中等约束’的具体参数范围""]","[""'未指定设施类型（如医院、学校等）' is not one of ['missing_parameter', 'ambiguous_time', 'ambiguous_hazard', 'invalid_p', 'conflicting_time', 'conflicting_hazard', 'unsupported_objective', 'other']"", ""'未提供地理空间数据或候选设施列表' is not one of ['missing_parameter', 'ambiguous_time', 'ambiguous_hazard', 'invalid_p', 'conflicting_time', 'conflicting_hazard', 'unsupported_objective', 'other']"", ""'未定义‘中等约束’的具体参数范围' is not one of ['missing_parameter', 'ambiguous_time', 'ambiguous_hazard', 'invalid_p', 'conflicting_time', 'conflicting_hazard', 'unsupported_objective', 'other']"", ""'select_15_facilities' is not one of ['weighted_p_median', None]"", ""0.5 is not of type 'integer', 'null'"", ""0.5 is less than the minimum of 5"", ""'commute_peak_hours' is not one of ['morning', 'evening', 'night', None]""]"
A15,ambiguous_invalid,L1,qwen3.5:9b,2026-08-12T01:39:46.646543+00:00,早高峰在有一定风险排除的情况下选择5处设施。,"{
  ""status"": ""needs_clarification"",
  ""time_scenario"": ""morning_rush_hour"",
  ""hazard_scenario"": null,
  ""p"": null,
  ""objective"": ""select_5_facilities_with_risk_exclusion"",
  ""issues"": [
    ""未指定具体的风险类型（如洪水、火灾等）及排除标准。"",
    ""未提供候选设施列表及其属性数据，无法执行选择操作。""
  ]
}","{""status"": ""needs_clarification"", ""time_scenario"": ""morning_rush_hour"", ""hazard_scenario"": null, ""p"": null, ""objective"": ""select_5_facilities_with_risk_exclusion"", ""issues"": [""未指定具体的风险类型（如洪水、火灾等）及排除标准。"", ""未提供候选设施列表及其属性数据，无法执行选择操作。""]}",True,False,False,needs_clarification,False,,"{""status"": ""needs_clarification"", ""time_scenario"": ""morning_rush_hour"", ""hazard_scenario"": null, ""p"": null, ""objective"": ""select_5_facilities_with_risk_exclusion"", ""issues"": [""未指定具体的风险类型（如洪水、火灾等）及排除标准。"", ""未提供候选设施列表及其属性数据，无法执行选择操作。""]}",False,False,needs_clarification,morning_rush_hour,,,select_5_facilities_with_risk_exclusion,"[""未指定具体的风险类型（如洪水、火灾等）及排除标准。"", ""未提供候选设施列表及其属性数据，无法执行选择操作。""]","[""'未指定具体的风险类型（如洪水、火灾等）及排除标准。' is not one of ['missing_parameter', 'ambiguous_time', 'ambiguous_hazard', 'invalid_p', 'conflicting_time', 'conflicting_hazard', 'unsupported_objective', 'other']"", ""'未提供候选设施列表及其属性数据，无法执行选择操作。' is not one of ['missing_parameter', 'ambiguous_time', 'ambiguous_hazard', 'invalid_p', 'conflicting_time', 'conflicting_hazard', 'unsupported_objective', 'other']"", ""'select_5_facilities_with_risk_exclusion' is not one of ['weighted_p_median', None]"", ""'morning_rush_hour' is not one of ['morning', 'evening', 'night', None]""]"
A16,ambiguous_invalid,L1,qwen3.5:9b,2026-08-12T01:39:48.810267+00:00,请在夜间采用严格候选约束，但设施数量稍微多一些。,"{
  ""status"": ""needs_clarification"",
  ""time_scenario"": ""night"",
  ""hazard_scenario"": null,
  ""p"": null,
  ""objective"": null,
  ""issues"": [
    ""未指定具体的候选约束类型（例如：距离限制、容量上限等）及具体数值。"",
    ""‘设施数量稍微多一些’缺乏量化基准，需明确相对于何种标准或场景的增量比例。"",
    ""缺少优化目标函数定义（如最小化最大响应时间、最大化覆盖人口等）。""
  ]
}","{""status"": ""needs_clarification"", ""time_scenario"": ""night"", ""hazard_scenario"": null, ""p"": null, ""objective"": null, ""issues"": [""未指定具体的候选约束类型（例如：距离限制、容量上限等）及具体数值。"", ""‘设施数量稍微多一些’缺乏量化基准，需明确相对于何种标准或场景的增量比例。"", ""缺少优化目标函数定义（如最小化最大响应时间、最大化覆盖人口等）。""]}",True,False,False,needs_clarification,False,,"{""status"": ""needs_clarification"", ""time_scenario"": ""night"", ""hazard_scenario"": null, ""p"": null, ""objective"": null, ""issues"": [""未指定具体的候选约束类型（例如：距离限制、容量上限等）及具体数值。"", ""‘设施数量稍微多一些’缺乏量化基准，需明确相对于何种标准或场景的增量比例。"", ""缺少优化目标函数定义（如最小化最大响应时间、最大化覆盖人口等）。""]}",False,False,needs_clarification,night,,,,"[""未指定具体的候选约束类型（例如：距离限制、容量上限等）及具体数值。"", ""‘设施数量稍微多一些’缺乏量化基准，需明确相对于何种标准或场景的增量比例。"", ""缺少优化目标函数定义（如最小化最大响应时间、最大化覆盖人口等）。""]","[""'未指定具体的候选约束类型（例如：距离限制、容量上限等）及具体数值。' is not one of ['missing_parameter', 'ambiguous_time', 'ambiguous_hazard', 'invalid_p', 'conflicting_time', 'conflicting_hazard', 'unsupported_objective', 'other']"", ""'‘设施数量稍微多一些’缺乏量化基准，需明确相对于何种标准或场景的增量比例。' is not one of ['missing_parameter', 'ambiguous_time', 'ambiguous_hazard', 'invalid_p', 'conflicting_time', 'conflicting_hazard', 'unsupported_objective', 'other']"", ""'缺少优化目标函数定义（如最小化最大响应时间、最大化覆盖人口等）。' is not one of ['missing_parameter', 'ambiguous_time', 'ambiguous_hazard', 'invalid_p', 'conflicting_time', 'conflicting_hazard', 'unsupported_objective', 'other']""]"
A17,ambiguous_invalid,L1,qwen3.5:9b,2026-08-12T01:39:51.341784+00:00,早高峰和晚高峰都要考虑，分别还是合并你自行决定；基准情景p=10。,"{
  ""status"": ""needs_clarification"",
  ""time_scenario"": [""morning_peak"", ""evening_peak""],
  ""hazard_scenario"": [],
  ""p"": 10,
  ""objective"": null,
  ""issues"": [
    ""未指定具体的规划目标（例如：最小化总成本、最大化覆盖率或平衡服务水平）"",
    ""未明确是否需要在早晚高峰之间合并处理还是分别制定方案，需确认决策逻辑""
  ]
}","{""status"": ""needs_clarification"", ""time_scenario"": [""morning_peak"", ""evening_peak""], ""hazard_scenario"": [], ""p"": 10, ""objective"": null, ""issues"": [""未指定具体的规划目标（例如：最小化总成本、最大化覆盖率或平衡服务水平）"", ""未明确是否需要在早晚高峰之间合并处理还是分别制定方案，需确认决策逻辑""]}",True,False,False,needs_clarification,False,,"{""status"": ""needs_clarification"", ""time_scenario"": [""morning_peak"", ""evening_peak""], ""hazard_scenario"": [], ""p"": 10, ""objective"": null, ""issues"": [""未指定具体的规划目标（例如：最小化总成本、最大化覆盖率或平衡服务水平）"", ""未明确是否需要在早晚高峰之间合并处理还是分别制定方案，需确认决策逻辑""]}",False,False,needs_clarification,"['morning_peak', 'evening_peak']",[],10,,"[""未指定具体的规划目标（例如：最小化总成本、最大化覆盖率或平衡服务水平）"", ""未明确是否需要在早晚高峰之间合并处理还是分别制定方案，需确认决策逻辑""]","[""[] is not of type 'string', 'null'"", ""[] is not one of ['baseline', 'moderate', 'strict', None]"", ""'未指定具体的规划目标（例如：最小化总成本、最大化覆盖率或平衡服务水平）' is not one of ['missing_parameter', 'ambiguous_time', 'ambiguous_hazard', 'invalid_p', 'conflicting_time', 'conflicting_hazard', 'unsupported_objective', 'other']"", ""'未明确是否需要在早晚高峰之间合并处理还是分别制定方案，需确认决策逻辑' is not one of ['missing_parameter', 'ambiguous_time', 'ambiguous_hazard', 'invalid_p', 'conflicting_time', 'conflicting_hazard', 'unsupported_objective', 'other']"", ""['morning_peak', 'evening_peak'] is not of type 'string', 'null'"", ""['morning_peak', 'evening_peak'] is not one of ['morning', 'evening', 'night', None]""]"
A18,ambiguous_invalid,L1,qwen3.5:9b,2026-08-12T01:39:53.545483+00:00,晚高峰先按baseline，若不满意再自动换成strict，选择10个设施。,"{
  ""status"": ""needs_clarification"",
  ""time_scenario"": ""evening_peak"",
  ""hazard_scenario"": null,
  ""p"": 10,
  ""objective"": null,
  ""issues"": [
    ""The baseline and strict modes are not defined; specific parameters for these scenarios (e.g., capacity limits, service levels) must be provided."",
    ""No objective function is specified to determine which facilities should be selected among the available options.""
  ]
}","{""status"": ""needs_clarification"", ""time_scenario"": ""evening_peak"", ""hazard_scenario"": null, ""p"": 10, ""objective"": null, ""issues"": [""The baseline and strict modes are not defined; specific parameters for these scenarios (e.g., capacity limits, service levels) must be provided."", ""No objective function is specified to determine which facilities should be selected among the available options.""]}",True,False,False,needs_clarification,False,,"{""status"": ""needs_clarification"", ""time_scenario"": ""evening_peak"", ""hazard_scenario"": null, ""p"": 10, ""objective"": null, ""issues"": [""The baseline and strict modes are not defined; specific parameters for these scenarios (e.g., capacity limits, service levels) must be provided."", ""No objective function is specified to determine which facilities should be selected among the available options.""]}",False,False,needs_clarification,evening_peak,,10,,"[""The baseline and strict modes are not defined; specific parameters for these scenarios (e.g., capacity limits, service levels) must be provided."", ""No objective function is specified to determine which facilities should be selected among the available options.""]","[""'The baseline and strict modes are not defined; specific parameters for these scenarios (e.g., capacity limits, service levels) must be provided.' is not one of ['missing_parameter', 'ambiguous_time', 'ambiguous_hazard', 'invalid_p', 'conflicting_time', 'conflicting_hazard', 'unsupported_objective', 'other']"", ""'No objective function is specified to determine which facilities should be selected among the available options.' is not one of ['missing_parameter', 'ambiguous_time', 'ambiguous_hazard', 'invalid_p', 'conflicting_time', 'conflicting_hazard', 'unsupported_objective', 'other']"", ""'evening_peak' is not one of ['morning', 'evening', 'night', None]""]"
A19,ambiguous_invalid,L1,qwen3.5:9b,2026-08-12T01:39:55.828378+00:00,夜间中等约束选15个设施，同时优化建设成本和公平性。,"{
  ""status"": ""needs_clarification"",
  ""time_scenario"": null,
  ""hazard_scenario"": null,
  ""p"": null,
  ""objective"": [
    ""minimize_cost"",
    ""maximize_fairness""
  ],
  ""issues"": [
    ""Missing specific location data for the '15 facilities' (e.g., candidate list or existing infrastructure map)."",
    ""Time scenario not specified: Is this a baseline night-time selection, or does it imply a future time period with different demand patterns?"",
    ""Hazard scenario not defined: What type of hazard is being mitigated? This affects the 'fairness' metric (e.g., population at risk vs. general accessibility)."",
    ""Constraint definition incomplete: The term 'medium constraint' lacks specific quantitative thresholds or qualitative criteria."",
    ""Optimization parameters missing: Weights for cost versus fairness, and definitions of service coverage areas.""
  ]
}","{""status"": ""needs_clarification"", ""time_scenario"": null, ""hazard_scenario"": null, ""p"": null, ""objective"": [""minimize_cost"", ""maximize_fairness""], ""issues"": [""Missing specific location data for the '15 facilities' (e.g., candidate list or existing infrastructure map)."", ""Time scenario not specified: Is this a baseline night-time selection, or does it imply a future time period with different demand patterns?"", ""Hazard scenario not defined: What type of hazard is being mitigated? This affects the 'fairness' metric (e.g., population at risk vs. general accessibility)."", ""Constraint definition incomplete: The term 'medium constraint' lacks specific quantitative thresholds or qualitative criteria."", ""Optimization parameters missing: Weights for cost versus fairness, and definitions of service coverage areas.""]}",True,False,False,needs_clarification,False,,"{""status"": ""needs_clarification"", ""time_scenario"": null, ""hazard_scenario"": null, ""p"": null, ""objective"": [""minimize_cost"", ""maximize_fairness""], ""issues"": [""Missing specific location data for the '15 facilities' (e.g., candidate list or existing infrastructure map)."", ""Time scenario not specified: Is this a baseline night-time selection, or does it imply a future time period with different demand patterns?"", ""Hazard scenario not defined: What type of hazard is being mitigated? This affects the 'fairness' metric (e.g., population at risk vs. general accessibility)."", ""Constraint definition incomplete: The term 'medium constraint' lacks specific quantitative thresholds or qualitative criteria."", ""Optimization parameters missing: Weights for cost versus fairness, and definitions of service coverage areas.""]}",False,False,needs_clarification,,,,"['minimize_cost', 'maximize_fairness']","[""Missing specific location data for the '15 facilities' (e.g., candidate list or existing infrastructure map)."", ""Time scenario not specified: Is this a baseline night-time selection, or does it imply a future time period with different demand patterns?"", ""Hazard scenario not defined: What type of hazard is being mitigated? This affects the 'fairness' metric (e.g., population at risk vs. general accessibility)."", ""Constraint definition incomplete: The term 'medium constraint' lacks specific quantitative thresholds or qualitative criteria."", ""Optimization parameters missing: Weights for cost versus fairness, and definitions of service coverage areas.""]","[""\""Missing specific location data for the '15 facilities' (e.g., candidate list or existing infrastructure map).\"" is not one of ['missing_parameter', 'ambiguous_time', 'ambiguous_hazard', 'invalid_p', 'conflicting_time', 'conflicting_hazard', 'unsupported_objective', 'other']"", ""'Time scenario not specified: Is this a baseline night-time selection, or does it imply a future time period with different demand patterns?' is not one of ['missing_parameter', 'ambiguous_time', 'ambiguous_hazard', 'invalid_p', 'conflicting_time', 'conflicting_hazard', 'unsupported_objective', 'other']"", ""\""Hazard scenario not defined: What type of hazard is being mitigated? This affects the 'fairness' metric (e.g., population at risk vs. general accessibility).\"" is not one of ['missing_parameter', 'ambiguous_time', 'ambiguous_hazard', 'invalid_p', 'conflicting_time', 'conflicting_hazard', 'unsupported_objective', 'other']"", ""\""Constraint definition incomplete: The term 'medium constraint' lacks specific quantitative thresholds or qualitative criteria.\"" is not one of ['missing_parameter', 'ambiguous_time', 'ambiguous_hazard', 'invalid_p', 'conflicting_time', 'conflicting_hazard', 'unsupported_objective', 'other']"", ""'Optimization parameters missing: Weights for cost versus fairness, and definitions of service coverage areas.' is not one of ['missing_parameter', 'ambiguous_time', 'ambiguous_hazard', 'invalid_p', 'conflicting_time', 'conflicting_hazard', 'unsupported_objective', 'other']"", ""['minimize_cost', 'maximize_fairness'] is not of type 'string', 'null'"", ""['minimize_cost', 'maximize_fairness'] is not one of ['weighted_p_median', None]""]"
A20,ambiguous_invalid,L1,qwen3.5:9b,2026-08-12T01:39:59.691586+00:00,从候选点中找一些离人群最近的地方作为避难所。,"{
  ""status"": ""needs_clarification"",
  ""time_scenario"": null,
  ""hazard_scenario"": null,
  ""p"": null,
  ""objective"": ""minimize_distance_to_population"",
  ""issues"": [
    ""未提供候选点列表（坐标或位置描述）"",
    ""未定义‘人群’的具体范围、密度分布或目标区域边界""
  ]
}","{""status"": ""needs_clarification"", ""time_scenario"": null, ""hazard_scenario"": null, ""p"": null, ""objective"": ""minimize_distance_to_population"", ""issues"": [""未提供候选点列表（坐标或位置描述）"", ""未定义‘人群’的具体范围、密度分布或目标区域边界""]}",True,False,False,needs_clarification,False,,"{""status"": ""needs_clarification"", ""time_scenario"": null, ""hazard_scenario"": null, ""p"": null, ""objective"": ""minimize_distance_to_population"", ""issues"": [""未提供候选点列表（坐标或位置描述）"", ""未定义‘人群’的具体范围、密度分布或目标区域边界""]}",False,False,needs_clarification,,,,minimize_distance_to_population,"[""未提供候选点列表（坐标或位置描述）"", ""未定义‘人群’的具体范围、密度分布或目标区域边界""]","[""'未提供候选点列表（坐标或位置描述）' is not one of ['missing_parameter', 'ambiguous_time', 'ambiguous_hazard', 'invalid_p', 'conflicting_time', 'conflicting_hazard', 'unsupported_objective', 'other']"", ""'未定义‘人群’的具体范围、密度分布或目标区域边界' is not one of ['missing_parameter', 'ambiguous_time', 'ambiguous_hazard', 'invalid_p', 'conflicting_time', 'conflicting_hazard', 'unsupported_objective', 'other']"", ""'minimize_distance_to_population' is not one of ['weighted_p_median', None]""]"
