scenario_id,time_scenario,hazard_scenario,p,demand_id,activity_intensity,weight,selected_shelter_id,assigned_distance,reachable
Morning_baseline_p5,Morning,baseline,5,TZ_11,0.0126305597045,0.00047755427091894097,SCH_0342,3426.7013132153697,1
Morning_baseline_p5,Morning,baseline,5,TZ_14,0.569512446821,0.021532941348906855,SCH_0342,6110.07863107604,1
Morning_baseline_p5,Morning,baseline,5,TZ_17,0.709879248982,0.02684013021745219,SCH_0055,1925.162634693856,1
Morning_baseline_p5,Morning,baseline,5,TZ_21,0.472874911905,0.01787913117660135,SCH_0342,1302.8706251719902,1
Morning_baseline_p5,Morning,baseline,5,TZ_22,0.530643010078,0.020063310076888094,SCH_0342,2998.2158202376395,1
Morning_baseline_p5,Morning,baseline,5,TZ_25,0.596376382389,0.022548651457115203,SCH_0116,764.5266804506934,1
Morning_baseline_p5,Morning,baseline,5,TZ_26,0.470059485045,0.017772681490054693,SCH_0403,3100.8680517546823,1
Morning_baseline_p5,Morning,baseline,5,TZ_29,0.507774801544,0.019198676132773502,SCH_0342,2792.695168767877,1
Morning_baseline_p5,Morning,baseline,5,TZ_33,0.793999461013,0.03002066753850998,SCH_0116,1854.1195498975144,1
Morning_baseline_p5,Morning,baseline,5,TZ_34,0.0126305597045,0.00047755427091894097,SCH_0116,3354.1090471960383,1
Morning_baseline_p5,Morning,baseline,5,TZ_35,0.578223457116,0.021862299688340855,SCH_0268,1378.0838385377835,1
Morning_baseline_p5,Morning,baseline,5,TZ_36,0.569786257449,0.021543293972850975,SCH_0055,2111.0999894228303,1
Morning_baseline_p5,Morning,baseline,5,TZ_37,0.516853241896,0.01954192679345767,SCH_0055,1848.216972438928,1
Morning_baseline_p5,Morning,baseline,5,TZ_39,0.392375457934,0.014835492656227836,SCH_0268,3902.4608401103274,1
Morning_baseline_p5,Morning,baseline,5,TZ_40,0.490428042825,0.018542805062395883,SCH_0116,2151.4870387310366,1
Morning_baseline_p5,Morning,baseline,5,TZ_49,0.593743134827,0.022449089866097824,SCH_0116,1585.4566212473037,1
Morning_baseline_p5,Morning,baseline,5,TZ_52,0.0583783746607,0.00220725310681131,SCH_0116,1977.787861387548,1
Morning_baseline_p5,Morning,baseline,5,TZ_54,0.178709616519,0.006756908848032165,SCH_0116,2713.191987597713,1
Morning_baseline_p5,Morning,baseline,5,TZ_55,0.919354393041,0.03476026614469025,SCH_0342,3067.817415306703,1
Morning_baseline_p5,Morning,baseline,5,TZ_61,0.671558105207,0.02539122959036992,SCH_0055,3263.268450218401,1
Morning_baseline_p5,Morning,baseline,5,TZ_62,0.510252767511,0.01929236661509718,SCH_0403,3693.426492799804,1
Morning_baseline_p5,Morning,baseline,5,TZ_63,0.47218396096,0.01785300671478018,SCH_0268,3185.8765343528694,1
Morning_baseline_p5,Morning,baseline,5,TZ_65,0.897112281471,0.03391930457030137,SCH_0116,1243.912291568525,1
Morning_baseline_p5,Morning,baseline,5,TZ_66,0.477729956462,0.018062697646966958,SCH_0116,2076.5675408886545,1
Morning_baseline_p5,Morning,baseline,5,TZ_67,0.0,0.0,SCH_0342,4655.107786164401,1
Morning_baseline_p5,Morning,baseline,5,TZ_71,0.44854658721,0.016959291071791057,SCH_0403,2420.8538925105695,1
Morning_baseline_p5,Morning,baseline,5,TZ_72,0.0788536208395,0.002981410506765562,SCH_0268,3377.0609357199064,1
Morning_baseline_p5,Morning,baseline,5,TZ_76,0.526268789219,0.019897923276775514,SCH_0268,2269.508713284049,1
Morning_baseline_p5,Morning,baseline,5,TZ_77,0.409334934383,0.015476720804485084,SCH_0268,59.58324266803661,1
Morning_baseline_p5,Morning,baseline,5,TZ_80,0.469532207956,0.017752745443537297,SCH_0055,2112.370427729552,1
Morning_baseline_p5,Morning,baseline,5,TZ_85,0.42840916746,0.01619790669676026,SCH_0403,1238.0874778186546,1
Morning_baseline_p5,Morning,baseline,5,TZ_89,0.562984705605,0.021286131170253908,SCH_0403,891.043010797585,1
Morning_baseline_p5,Morning,baseline,5,TZ_91,0.0583783746607,0.00220725310681131,SCH_0403,4170.869266685587,1
Morning_baseline_p5,Morning,baseline,5,TZ_97,0.744146304815,0.028135748087738385,SCH_0116,870.0874794088285,1
Morning_baseline_p5,Morning,baseline,5,TZ_106,0.391760717189,0.014812249658676583,SCH_0116,1821.0395968472096,1
Morning_baseline_p5,Morning,baseline,5,TZ_108,0.508514288424,0.01922663571066194,SCH_0342,1386.448332498573,1
Morning_baseline_p5,Morning,baseline,5,TZ_111,0.0,0.0,SCH_0403,4215.164115457561,1
Morning_baseline_p5,Morning,baseline,5,TZ_112,0.582707487795,0.022031838335224818,SCH_0055,3576.4316669988134,1
Morning_baseline_p5,Morning,baseline,5,TZ_123,0.398890448044,0.01508182072282307,SCH_0342,1294.5693520465895,1
Morning_baseline_p5,Morning,baseline,5,TZ_133,0.431701549142,0.016322389773561218,SCH_0403,1479.53994558282,1
Morning_baseline_p5,Morning,baseline,5,TZ_149,0.452544653819,0.017110455693883465,SCH_0342,2938.1213878543126,1
Morning_baseline_p5,Morning,baseline,5,TZ_150,0.024745440116,0.0009356110013837664,SCH_0342,3803.8026939802153,1
Morning_baseline_p5,Morning,baseline,5,TZ_154,0.0,0.0,SCH_0342,7480.690930242166,1
Morning_baseline_p5,Morning,baseline,5,TZ_155,0.024745440116,0.0009356110013837664,SCH_0342,5772.575590132626,1
Morning_baseline_p5,Morning,baseline,5,TZ_165,0.486470510657,0.01839317302443844,SCH_0403,2909.277023990917,1
Morning_baseline_p5,Morning,baseline,5,TZ_177,0.476513251901,0.018016694740275098,SCH_0268,2432.6408613235426,1
Morning_baseline_p5,Morning,baseline,5,TZ_178,0.426289597203,0.016117766952170594,SCH_0342,2763.4460174255114,1
Morning_baseline_p5,Morning,baseline,5,TZ_181,0.666965428693,0.02521758310632469,SCH_0116,2132.914096990705,1
Morning_baseline_p5,Morning,baseline,5,TZ_188,0.587529324279,0.022214149227258093,SCH_0403,2791.104455495985,1
Morning_baseline_p5,Morning,baseline,5,TZ_189,0.439510776656,0.016617652219496983,SCH_0116,1559.3131508888353,1
Morning_baseline_p5,Morning,baseline,5,TZ_190,0.370757025578,0.014018112037813767,SCH_0403,2529.019901494453,1
Morning_baseline_p5,Morning,baseline,5,TZ_195,0.391400457921,0.014798628460875646,SCH_0116,3677.638991637205,1
Morning_baseline_p5,Morning,baseline,5,TZ_210,0.729723004817,0.02759041132706134,SCH_0342,3473.73000483296,1
Morning_baseline_p5,Morning,baseline,5,TZ_217,0.435588054699,0.016469336335797433,SCH_0055,2061.035799884978,1
Morning_baseline_p5,Morning,baseline,5,TZ_222,0.0126305597045,0.00047755427091894097,SCH_0268,2668.570573640279,1
Morning_baseline_p5,Morning,baseline,5,TZ_225,0.53869483849,0.020367745124646675,SCH_0055,1802.7234186283783,1
Morning_baseline_p5,Morning,baseline,5,TZ_227,0.472220994853,0.01785440694518839,SCH_0403,4238.811542008873,1
Morning_baseline_p5,Morning,baseline,5,TZ_228,0.50227419065,0.018990701166774406,SCH_0116,4813.454272085167,1
Morning_baseline_p5,Morning,baseline,5,TZ_255,0.46729438427,0.017668134604127535,SCH_0055,2961.250358902728,1
Morning_baseline_p5,Morning,baseline,5,TZ_256,0.453733636114,0.0171554104374822,SCH_0055,2369.5902094000394,1
Morning_baseline_p5,Morning,baseline,5,TZ_257,0.445697235349,0.01685155870027259,SCH_0403,2372.4253063422893,1
Morning_baseline_p10,Morning,baseline,10,TZ_11,0.0126305597045,0.00047755427091894097,SCH_0380,3990.473022862436,1
Morning_baseline_p10,Morning,baseline,10,TZ_14,0.569512446821,0.021532941348906855,SCH_0093,3413.6434781361127,1
Morning_baseline_p10,Morning,baseline,10,TZ_17,0.709879248982,0.02684013021745219,SCH_0139,1830.7582236829896,1
Morning_baseline_p10,Morning,baseline,10,TZ_21,0.472874911905,0.01787913117660135,SCH_0351,2282.524841066049,1
Morning_baseline_p10,Morning,baseline,10,TZ_22,0.530643010078,0.020063310076888094,SCH_0351,3839.587847014524,1
Morning_baseline_p10,Morning,baseline,10,TZ_25,0.596376382389,0.022548651457115203,SCH_0036,1350.331285442876,1
Morning_baseline_p10,Morning,baseline,10,TZ_26,0.470059485045,0.017772681490054693,SCH_0093,2234.1521761546614,1
Morning_baseline_p10,Morning,baseline,10,TZ_29,0.507774801544,0.019198676132773502,SCH_0351,2455.271947466893,1
Morning_baseline_p10,Morning,baseline,10,TZ_33,0.793999461013,0.03002066753850998,SCH_0036,966.9344869706408,1
Morning_baseline_p10,Morning,baseline,10,TZ_34,0.0126305597045,0.00047755427091894097,SCH_0036,2902.5461088959487,1
Morning_baseline_p10,Morning,baseline,10,TZ_35,0.578223457116,0.021862299688340855,SCH_0268,1378.0838385377835,1
Morning_baseline_p10,Morning,baseline,10,TZ_36,0.569786257449,0.021543293972850975,SCH_0139,1716.9869155096915,1
Morning_baseline_p10,Morning,baseline,10,TZ_37,0.516853241896,0.01954192679345767,SCH_0139,1299.557816156989,1
Morning_baseline_p10,Morning,baseline,10,TZ_39,0.392375457934,0.014835492656227836,SCH_0268,3902.4608401103274,1
Morning_baseline_p10,Morning,baseline,10,TZ_40,0.490428042825,0.018542805062395883,SCH_0090,1314.361573604212,1
Morning_baseline_p10,Morning,baseline,10,TZ_49,0.593743134827,0.022449089866097824,SCH_0036,2650.6988292010524,1
Morning_baseline_p10,Morning,baseline,10,TZ_52,0.0583783746607,0.00220725310681131,SCH_0036,1784.4410917232171,1
Morning_baseline_p10,Morning,baseline,10,TZ_54,0.178709616519,0.006756908848032165,SCH_0036,2523.2249188979094,1
Morning_baseline_p10,Morning,baseline,10,TZ_55,0.919354393041,0.03476026614469025,SCH_0380,319.7297071354047,1
Morning_baseline_p10,Morning,baseline,10,TZ_61,0.671558105207,0.02539122959036992,SCH_0167,1841.87841910759,1
Morning_baseline_p10,Morning,baseline,10,TZ_62,0.510252767511,0.01929236661509718,SCH_0167,260.555364695544,1
Morning_baseline_p10,Morning,baseline,10,TZ_63,0.47218396096,0.01785300671478018,SCH_0268,3185.8765343528694,1
Morning_baseline_p10,Morning,baseline,10,TZ_65,0.897112281471,0.03391930457030137,SCH_0036,103.53177463922457,1
Morning_baseline_p10,Morning,baseline,10,TZ_66,0.477729956462,0.018062697646966958,SCH_0036,1219.7666900649178,1
Morning_baseline_p10,Morning,baseline,10,TZ_67,0.0,0.0,SCH_0093,3296.9793074562704,1
Morning_baseline_p10,Morning,baseline,10,TZ_71,0.44854658721,0.016959291071791057,SCH_0403,2420.8538925105695,1
Morning_baseline_p10,Morning,baseline,10,TZ_72,0.0788536208395,0.002981410506765562,SCH_0167,3201.902448059928,1
Morning_baseline_p10,Morning,baseline,10,TZ_76,0.526268789219,0.019897923276775514,SCH_0268,2269.508713284049,1
Morning_baseline_p10,Morning,baseline,10,TZ_77,0.409334934383,0.015476720804485084,SCH_0268,59.58324266803661,1
Morning_baseline_p10,Morning,baseline,10,TZ_80,0.469532207956,0.017752745443537297,SCH_0045,1879.118547074124,1
Morning_baseline_p10,Morning,baseline,10,TZ_85,0.42840916746,0.01619790669676026,SCH_0403,1238.0874778186546,1
Morning_baseline_p10,Morning,baseline,10,TZ_89,0.562984705605,0.021286131170253908,SCH_0403,891.043010797585,1
Morning_baseline_p10,Morning,baseline,10,TZ_91,0.0583783746607,0.00220725310681131,SCH_0403,4170.869266685587,1
Morning_baseline_p10,Morning,baseline,10,TZ_97,0.744146304815,0.028135748087738385,SCH_0036,1486.528067724986,1
Morning_baseline_p10,Morning,baseline,10,TZ_106,0.391760717189,0.014812249658676583,SCH_0090,649.4969212913327,1
Morning_baseline_p10,Morning,baseline,10,TZ_108,0.508514288424,0.01922663571066194,SCH_0380,1887.4713052950513,1
Morning_baseline_p10,Morning,baseline,10,TZ_111,0.0,0.0,SCH_0090,2848.1815011220315,1
Morning_baseline_p10,Morning,baseline,10,TZ_112,0.582707487795,0.022031838335224818,SCH_0045,2259.777691676152,1
Morning_baseline_p10,Morning,baseline,10,TZ_123,0.398890448044,0.01508182072282307,SCH_0351,467.94582920334176,1
Morning_baseline_p10,Morning,baseline,10,TZ_133,0.431701549142,0.016322389773561218,SCH_0403,1479.53994558282,1
Morning_baseline_p10,Morning,baseline,10,TZ_149,0.452544653819,0.017110455693883465,SCH_0351,1350.6934571778709,1
Morning_baseline_p10,Morning,baseline,10,TZ_150,0.024745440116,0.0009356110013837664,SCH_0351,3108.4607389962785,1
Morning_baseline_p10,Morning,baseline,10,TZ_154,0.0,0.0,SCH_0351,6232.531517974027,1
Morning_baseline_p10,Morning,baseline,10,TZ_155,0.024745440116,0.0009356110013837664,SCH_0351,4524.4161778644875,1
Morning_baseline_p10,Morning,baseline,10,TZ_165,0.486470510657,0.01839317302443844,SCH_0351,2566.7316833407594,1
Morning_baseline_p10,Morning,baseline,10,TZ_177,0.476513251901,0.018016694740275098,SCH_0268,2432.6408613235426,1
Morning_baseline_p10,Morning,baseline,10,TZ_178,0.426289597203,0.016117766952170594,SCH_0351,2544.545459402867,1
Morning_baseline_p10,Morning,baseline,10,TZ_181,0.666965428693,0.02521758310632469,SCH_0090,534.584198747692,1
Morning_baseline_p10,Morning,baseline,10,TZ_188,0.587529324279,0.022214149227258093,SCH_0167,873.5273175133907,1
Morning_baseline_p10,Morning,baseline,10,TZ_189,0.439510776656,0.016617652219496983,SCH_0090,2132.1209171817563,1
Morning_baseline_p10,Morning,baseline,10,TZ_190,0.370757025578,0.014018112037813767,SCH_0167,2367.7120948241663,1
Morning_baseline_p10,Morning,baseline,10,TZ_195,0.391400457921,0.014798628460875646,SCH_0090,2613.71006525083,1
Morning_baseline_p10,Morning,baseline,10,TZ_210,0.729723004817,0.02759041132706134,SCH_0351,2778.388049849023,1
Morning_baseline_p10,Morning,baseline,10,TZ_217,0.435588054699,0.016469336335797433,SCH_0045,1449.942753068302,1
Morning_baseline_p10,Morning,baseline,10,TZ_222,0.0126305597045,0.00047755427091894097,SCH_0268,2668.570573640279,1
Morning_baseline_p10,Morning,baseline,10,TZ_225,0.53869483849,0.020367745124646675,SCH_0139,658.9930018525179,1
Morning_baseline_p10,Morning,baseline,10,TZ_227,0.472220994853,0.01785440694518839,SCH_0093,501.2609879363857,1
Morning_baseline_p10,Morning,baseline,10,TZ_228,0.50227419065,0.018990701166774406,SCH_0093,1491.16718549741,1
Morning_baseline_p10,Morning,baseline,10,TZ_255,0.46729438427,0.017668134604127535,SCH_0045,663.8149098025127,1
Morning_baseline_p10,Morning,baseline,10,TZ_256,0.453733636114,0.0171554104374822,SCH_0045,561.5037768907587,1
Morning_baseline_p10,Morning,baseline,10,TZ_257,0.445697235349,0.01685155870027259,SCH_0403,2372.4253063422893,1
Morning_baseline_p15,Morning,baseline,15,TZ_11,0.0126305597045,0.00047755427091894097,SCH_0579,2463.0558240490673,1
Morning_baseline_p15,Morning,baseline,15,TZ_14,0.569512446821,0.021532941348906855,SCH_0308,610.2171170814876,1
Morning_baseline_p15,Morning,baseline,15,TZ_17,0.709879248982,0.02684013021745219,SCH_0014,425.3273010198983,1
Morning_baseline_p15,Morning,baseline,15,TZ_21,0.472874911905,0.01787913117660135,SCH_0579,440.81245225615146,1
Morning_baseline_p15,Morning,baseline,15,TZ_22,0.530643010078,0.020063310076888094,SCH_0579,1693.8763347797883,1
Morning_baseline_p15,Morning,baseline,15,TZ_25,0.596376382389,0.022548651457115203,SCH_0036,1350.331285442876,1
Morning_baseline_p15,Morning,baseline,15,TZ_26,0.470059485045,0.017772681490054693,SCH_0134,2141.5764312288206,1
Morning_baseline_p15,Morning,baseline,15,TZ_29,0.507774801544,0.019198676132773502,SCH_0405,1685.4154549620475,1
Morning_baseline_p15,Morning,baseline,15,TZ_33,0.793999461013,0.03002066753850998,SCH_0036,966.9344869706408,1
Morning_baseline_p15,Morning,baseline,15,TZ_34,0.0126305597045,0.00047755427091894097,SCH_0036,2902.5461088959487,1
Morning_baseline_p15,Morning,baseline,15,TZ_35,0.578223457116,0.021862299688340855,SCH_0582,218.34420512908065,1
Morning_baseline_p15,Morning,baseline,15,TZ_36,0.569786257449,0.021543293972850975,SCH_0466,553.3177224416928,1
Morning_baseline_p15,Morning,baseline,15,TZ_37,0.516853241896,0.01954192679345767,SCH_0466,450.9348439630932,1
Morning_baseline_p15,Morning,baseline,15,TZ_39,0.392375457934,0.014835492656227836,SCH_0582,3600.5138869422112,1
Morning_baseline_p15,Morning,baseline,15,TZ_40,0.490428042825,0.018542805062395883,SCH_0090,1314.361573604212,1
Morning_baseline_p15,Morning,baseline,15,TZ_49,0.593743134827,0.022449089866097824,SCH_0014,1261.6764459782978,1
Morning_baseline_p15,Morning,baseline,15,TZ_52,0.0583783746607,0.00220725310681131,SCH_0036,1784.4410917232171,1
Morning_baseline_p15,Morning,baseline,15,TZ_54,0.178709616519,0.006756908848032165,SCH_0036,2523.2249188979094,1
Morning_baseline_p15,Morning,baseline,15,TZ_55,0.919354393041,0.03476026614469025,SCH_0380,319.7297071354047,1
Morning_baseline_p15,Morning,baseline,15,TZ_61,0.671558105207,0.02539122959036992,SCH_0167,1841.87841910759,1
Morning_baseline_p15,Morning,baseline,15,TZ_62,0.510252767511,0.01929236661509718,SCH_0167,260.555364695544,1
Morning_baseline_p15,Morning,baseline,15,TZ_63,0.47218396096,0.01785300671478018,SCH_0251,2371.8031457203374,1
Morning_baseline_p15,Morning,baseline,15,TZ_65,0.897112281471,0.03391930457030137,SCH_0036,103.53177463922457,1
Morning_baseline_p15,Morning,baseline,15,TZ_66,0.477729956462,0.018062697646966958,SCH_0036,1219.7666900649178,1
Morning_baseline_p15,Morning,baseline,15,TZ_67,0.0,0.0,SCH_0308,2159.4808420986265,1
Morning_baseline_p15,Morning,baseline,15,TZ_71,0.44854658721,0.016959291071791057,SCH_0403,2420.8538925105695,1
Morning_baseline_p15,Morning,baseline,15,TZ_72,0.0788536208395,0.002981410506765562,SCH_0582,2188.6346144933664,1
Morning_baseline_p15,Morning,baseline,15,TZ_76,0.526268789219,0.019897923276775514,SCH_0251,941.4015858100771,1
Morning_baseline_p15,Morning,baseline,15,TZ_77,0.409334934383,0.015476720804485084,SCH_0582,1454.955086114032,1
Morning_baseline_p15,Morning,baseline,15,TZ_80,0.469532207956,0.017752745443537297,SCH_0045,1879.118547074124,1
Morning_baseline_p15,Morning,baseline,15,TZ_85,0.42840916746,0.01619790669676026,SCH_0403,1238.0874778186546,1
Morning_baseline_p15,Morning,baseline,15,TZ_89,0.562984705605,0.021286131170253908,SCH_0403,891.043010797585,1
Morning_baseline_p15,Morning,baseline,15,TZ_91,0.0583783746607,0.00220725310681131,SCH_0374,3000.5755046207246,1
Morning_baseline_p15,Morning,baseline,15,TZ_97,0.744146304815,0.028135748087738385,SCH_0036,1486.528067724986,1
Morning_baseline_p15,Morning,baseline,15,TZ_106,0.391760717189,0.014812249658676583,SCH_0090,649.4969212913327,1
Morning_baseline_p15,Morning,baseline,15,TZ_108,0.508514288424,0.01922663571066194,SCH_0579,1582.1252927240982,1
Morning_baseline_p15,Morning,baseline,15,TZ_111,0.0,0.0,SCH_0090,2848.1815011220315,1
Morning_baseline_p15,Morning,baseline,15,TZ_112,0.582707487795,0.022031838335224818,SCH_0045,2259.777691676152,1
Morning_baseline_p15,Morning,baseline,15,TZ_123,0.398890448044,0.01508182072282307,SCH_0405,2101.7464701327435,1
Morning_baseline_p15,Morning,baseline,15,TZ_133,0.431701549142,0.016322389773561218,SCH_0403,1479.53994558282,1
Morning_baseline_p15,Morning,baseline,15,TZ_149,0.452544653819,0.017110455693883465,SCH_0405,2002.5142525343415,1
Morning_baseline_p15,Morning,baseline,15,TZ_150,0.024745440116,0.0009356110013837664,SCH_0405,1741.9913280302478,1
Morning_baseline_p15,Morning,baseline,15,TZ_154,0.0,0.0,SCH_0405,5668.809001333078,1
Morning_baseline_p15,Morning,baseline,15,TZ_155,0.024745440116,0.0009356110013837664,SCH_0374,4485.3023994852465,1
Morning_baseline_p15,Morning,baseline,15,TZ_165,0.486470510657,0.01839317302443844,SCH_0374,470.05136923989215,1
Morning_baseline_p15,Morning,baseline,15,TZ_177,0.476513251901,0.018016694740275098,SCH_0582,1468.2201464823572,1
Morning_baseline_p15,Morning,baseline,15,TZ_178,0.426289597203,0.016117766952170594,SCH_0374,1111.5106728528804,1
Morning_baseline_p15,Morning,baseline,15,TZ_181,0.666965428693,0.02521758310632469,SCH_0090,534.584198747692,1
Morning_baseline_p15,Morning,baseline,15,TZ_188,0.587529324279,0.022214149227258093,SCH_0167,873.5273175133907,1
Morning_baseline_p15,Morning,baseline,15,TZ_189,0.439510776656,0.016617652219496983,SCH_0090,2132.1209171817563,1
Morning_baseline_p15,Morning,baseline,15,TZ_190,0.370757025578,0.014018112037813767,SCH_0167,2367.7120948241663,1
Morning_baseline_p15,Morning,baseline,15,TZ_195,0.391400457921,0.014798628460875646,SCH_0090,2613.71006525083,1
Morning_baseline_p15,Morning,baseline,15,TZ_210,0.729723004817,0.02759041132706134,SCH_0405,1119.1380039396304,1
Morning_baseline_p15,Morning,baseline,15,TZ_217,0.435588054699,0.016469336335797433,SCH_0045,1449.942753068302,1
Morning_baseline_p15,Morning,baseline,15,TZ_222,0.0126305597045,0.00047755427091894097,SCH_0251,2910.5568543033523,1
Morning_baseline_p15,Morning,baseline,15,TZ_225,0.53869483849,0.020367745124646675,SCH_0466,1794.6474719587206,1
Morning_baseline_p15,Morning,baseline,15,TZ_227,0.472220994853,0.01785440694518839,SCH_0134,358.5453505317282,1
Morning_baseline_p15,Morning,baseline,15,TZ_228,0.50227419065,0.018990701166774406,SCH_0134,1506.5720654047589,1
Morning_baseline_p15,Morning,baseline,15,TZ_255,0.46729438427,0.017668134604127535,SCH_0045,663.8149098025127,1
Morning_baseline_p15,Morning,baseline,15,TZ_256,0.453733636114,0.0171554104374822,SCH_0045,561.5037768907587,1
Morning_baseline_p15,Morning,baseline,15,TZ_257,0.445697235349,0.01685155870027259,SCH_0403,2372.4253063422893,1
Morning_moderate_p5,Morning,moderate,5,TZ_11,0.0126305597045,0.00047755427091894097,SCH_0342,3426.7013132153697,1
Morning_moderate_p5,Morning,moderate,5,TZ_14,0.569512446821,0.021532941348906855,SCH_0342,6110.07863107604,1
Morning_moderate_p5,Morning,moderate,5,TZ_17,0.709879248982,0.02684013021745219,SCH_0055,1925.162634693856,1
Morning_moderate_p5,Morning,moderate,5,TZ_21,0.472874911905,0.01787913117660135,SCH_0342,1302.8706251719902,1
Morning_moderate_p5,Morning,moderate,5,TZ_22,0.530643010078,0.020063310076888094,SCH_0342,2998.2158202376395,1
Morning_moderate_p5,Morning,moderate,5,TZ_25,0.596376382389,0.022548651457115203,SCH_0116,764.5266804506934,1
Morning_moderate_p5,Morning,moderate,5,TZ_26,0.470059485045,0.017772681490054693,SCH_0403,3100.8680517546823,1
Morning_moderate_p5,Morning,moderate,5,TZ_29,0.507774801544,0.019198676132773502,SCH_0342,2792.695168767877,1
Morning_moderate_p5,Morning,moderate,5,TZ_33,0.793999461013,0.03002066753850998,SCH_0116,1854.1195498975144,1
Morning_moderate_p5,Morning,moderate,5,TZ_34,0.0126305597045,0.00047755427091894097,SCH_0116,3354.1090471960383,1
Morning_moderate_p5,Morning,moderate,5,TZ_35,0.578223457116,0.021862299688340855,SCH_0268,1378.0838385377835,1
Morning_moderate_p5,Morning,moderate,5,TZ_36,0.569786257449,0.021543293972850975,SCH_0055,2111.0999894228303,1
Morning_moderate_p5,Morning,moderate,5,TZ_37,0.516853241896,0.01954192679345767,SCH_0055,1848.216972438928,1
Morning_moderate_p5,Morning,moderate,5,TZ_39,0.392375457934,0.014835492656227836,SCH_0268,3902.4608401103274,1
Morning_moderate_p5,Morning,moderate,5,TZ_40,0.490428042825,0.018542805062395883,SCH_0116,2151.4870387310366,1
Morning_moderate_p5,Morning,moderate,5,TZ_49,0.593743134827,0.022449089866097824,SCH_0116,1585.4566212473037,1
Morning_moderate_p5,Morning,moderate,5,TZ_52,0.0583783746607,0.00220725310681131,SCH_0116,1977.787861387548,1
Morning_moderate_p5,Morning,moderate,5,TZ_54,0.178709616519,0.006756908848032165,SCH_0116,2713.191987597713,1
Morning_moderate_p5,Morning,moderate,5,TZ_55,0.919354393041,0.03476026614469025,SCH_0342,3067.817415306703,1
Morning_moderate_p5,Morning,moderate,5,TZ_61,0.671558105207,0.02539122959036992,SCH_0055,3263.268450218401,1
Morning_moderate_p5,Morning,moderate,5,TZ_62,0.510252767511,0.01929236661509718,SCH_0403,3693.426492799804,1
Morning_moderate_p5,Morning,moderate,5,TZ_63,0.47218396096,0.01785300671478018,SCH_0268,3185.8765343528694,1
Morning_moderate_p5,Morning,moderate,5,TZ_65,0.897112281471,0.03391930457030137,SCH_0116,1243.912291568525,1
Morning_moderate_p5,Morning,moderate,5,TZ_66,0.477729956462,0.018062697646966958,SCH_0116,2076.5675408886545,1
Morning_moderate_p5,Morning,moderate,5,TZ_67,0.0,0.0,SCH_0342,4655.107786164401,1
Morning_moderate_p5,Morning,moderate,5,TZ_71,0.44854658721,0.016959291071791057,SCH_0403,2420.8538925105695,1
Morning_moderate_p5,Morning,moderate,5,TZ_72,0.0788536208395,0.002981410506765562,SCH_0268,3377.0609357199064,1
Morning_moderate_p5,Morning,moderate,5,TZ_76,0.526268789219,0.019897923276775514,SCH_0268,2269.508713284049,1
Morning_moderate_p5,Morning,moderate,5,TZ_77,0.409334934383,0.015476720804485084,SCH_0268,59.58324266803661,1
Morning_moderate_p5,Morning,moderate,5,TZ_80,0.469532207956,0.017752745443537297,SCH_0055,2112.370427729552,1
Morning_moderate_p5,Morning,moderate,5,TZ_85,0.42840916746,0.01619790669676026,SCH_0403,1238.0874778186546,1
Morning_moderate_p5,Morning,moderate,5,TZ_89,0.562984705605,0.021286131170253908,SCH_0403,891.043010797585,1
Morning_moderate_p5,Morning,moderate,5,TZ_91,0.0583783746607,0.00220725310681131,SCH_0403,4170.869266685587,1
Morning_moderate_p5,Morning,moderate,5,TZ_97,0.744146304815,0.028135748087738385,SCH_0116,870.0874794088285,1
Morning_moderate_p5,Morning,moderate,5,TZ_106,0.391760717189,0.014812249658676583,SCH_0116,1821.0395968472096,1
Morning_moderate_p5,Morning,moderate,5,TZ_108,0.508514288424,0.01922663571066194,SCH_0342,1386.448332498573,1
Morning_moderate_p5,Morning,moderate,5,TZ_111,0.0,0.0,SCH_0403,4215.164115457561,1
Morning_moderate_p5,Morning,moderate,5,TZ_112,0.582707487795,0.022031838335224818,SCH_0055,3576.4316669988134,1
Morning_moderate_p5,Morning,moderate,5,TZ_123,0.398890448044,0.01508182072282307,SCH_0342,1294.5693520465895,1
Morning_moderate_p5,Morning,moderate,5,TZ_133,0.431701549142,0.016322389773561218,SCH_0403,1479.53994558282,1
Morning_moderate_p5,Morning,moderate,5,TZ_149,0.452544653819,0.017110455693883465,SCH_0342,2938.1213878543126,1
Morning_moderate_p5,Morning,moderate,5,TZ_150,0.024745440116,0.0009356110013837664,SCH_0342,3803.8026939802153,1
Morning_moderate_p5,Morning,moderate,5,TZ_154,0.0,0.0,SCH_0342,7480.690930242166,1
Morning_moderate_p5,Morning,moderate,5,TZ_155,0.024745440116,0.0009356110013837664,SCH_0342,5772.575590132626,1
Morning_moderate_p5,Morning,moderate,5,TZ_165,0.486470510657,0.01839317302443844,SCH_0403,2909.277023990917,1
Morning_moderate_p5,Morning,moderate,5,TZ_177,0.476513251901,0.018016694740275098,SCH_0268,2432.6408613235426,1
Morning_moderate_p5,Morning,moderate,5,TZ_178,0.426289597203,0.016117766952170594,SCH_0342,2763.4460174255114,1
Morning_moderate_p5,Morning,moderate,5,TZ_181,0.666965428693,0.02521758310632469,SCH_0116,2132.914096990705,1
Morning_moderate_p5,Morning,moderate,5,TZ_188,0.587529324279,0.022214149227258093,SCH_0403,2791.104455495985,1
Morning_moderate_p5,Morning,moderate,5,TZ_189,0.439510776656,0.016617652219496983,SCH_0116,1559.3131508888353,1
Morning_moderate_p5,Morning,moderate,5,TZ_190,0.370757025578,0.014018112037813767,SCH_0403,2529.019901494453,1
Morning_moderate_p5,Morning,moderate,5,TZ_195,0.391400457921,0.014798628460875646,SCH_0116,3677.638991637205,1
Morning_moderate_p5,Morning,moderate,5,TZ_210,0.729723004817,0.02759041132706134,SCH_0342,3473.73000483296,1
Morning_moderate_p5,Morning,moderate,5,TZ_217,0.435588054699,0.016469336335797433,SCH_0055,2061.035799884978,1
Morning_moderate_p5,Morning,moderate,5,TZ_222,0.0126305597045,0.00047755427091894097,SCH_0268,2668.570573640279,1
Morning_moderate_p5,Morning,moderate,5,TZ_225,0.53869483849,0.020367745124646675,SCH_0055,1802.7234186283783,1
Morning_moderate_p5,Morning,moderate,5,TZ_227,0.472220994853,0.01785440694518839,SCH_0403,4238.811542008873,1
Morning_moderate_p5,Morning,moderate,5,TZ_228,0.50227419065,0.018990701166774406,SCH_0116,4813.454272085167,1
Morning_moderate_p5,Morning,moderate,5,TZ_255,0.46729438427,0.017668134604127535,SCH_0055,2961.250358902728,1
Morning_moderate_p5,Morning,moderate,5,TZ_256,0.453733636114,0.0171554104374822,SCH_0055,2369.5902094000394,1
Morning_moderate_p5,Morning,moderate,5,TZ_257,0.445697235349,0.01685155870027259,SCH_0403,2372.4253063422893,1
Morning_moderate_p10,Morning,moderate,10,TZ_11,0.0126305597045,0.00047755427091894097,SCH_0375,2971.856497835413,1
Morning_moderate_p10,Morning,moderate,10,TZ_14,0.569512446821,0.021532941348906855,SCH_0093,3413.6434781361127,1
Morning_moderate_p10,Morning,moderate,10,TZ_17,0.709879248982,0.02684013021745219,SCH_0139,1830.7582236829896,1
Morning_moderate_p10,Morning,moderate,10,TZ_21,0.472874911905,0.01787913117660135,SCH_0375,1575.8266698759487,1
Morning_moderate_p10,Morning,moderate,10,TZ_22,0.530643010078,0.020063310076888094,SCH_0375,3247.1732743010316,1
Morning_moderate_p10,Morning,moderate,10,TZ_25,0.596376382389,0.022548651457115203,SCH_0036,1350.331285442876,1
Morning_moderate_p10,Morning,moderate,10,TZ_26,0.470059485045,0.017772681490054693,SCH_0093,2234.1521761546614,1
Morning_moderate_p10,Morning,moderate,10,TZ_29,0.507774801544,0.019198676132773502,SCH_0351,2455.271947466893,1
Morning_moderate_p10,Morning,moderate,10,TZ_33,0.793999461013,0.03002066753850998,SCH_0036,966.9344869706408,1
Morning_moderate_p10,Morning,moderate,10,TZ_34,0.0126305597045,0.00047755427091894097,SCH_0036,2902.5461088959487,1
Morning_moderate_p10,Morning,moderate,10,TZ_35,0.578223457116,0.021862299688340855,SCH_0268,1378.0838385377835,1
Morning_moderate_p10,Morning,moderate,10,TZ_36,0.569786257449,0.021543293972850975,SCH_0139,1716.9869155096915,1
Morning_moderate_p10,Morning,moderate,10,TZ_37,0.516853241896,0.01954192679345767,SCH_0139,1299.557816156989,1
Morning_moderate_p10,Morning,moderate,10,TZ_39,0.392375457934,0.014835492656227836,SCH_0268,3902.4608401103274,1
Morning_moderate_p10,Morning,moderate,10,TZ_40,0.490428042825,0.018542805062395883,SCH_0090,1314.361573604212,1
Morning_moderate_p10,Morning,moderate,10,TZ_49,0.593743134827,0.022449089866097824,SCH_0036,2650.6988292010524,1
Morning_moderate_p10,Morning,moderate,10,TZ_52,0.0583783746607,0.00220725310681131,SCH_0036,1784.4410917232171,1
Morning_moderate_p10,Morning,moderate,10,TZ_54,0.178709616519,0.006756908848032165,SCH_0036,2523.2249188979094,1
Morning_moderate_p10,Morning,moderate,10,TZ_55,0.919354393041,0.03476026614469025,SCH_0375,2059.237481698536,1
Morning_moderate_p10,Morning,moderate,10,TZ_61,0.671558105207,0.02539122959036992,SCH_0167,1841.87841910759,1
Morning_moderate_p10,Morning,moderate,10,TZ_62,0.510252767511,0.01929236661509718,SCH_0167,260.555364695544,1
Morning_moderate_p10,Morning,moderate,10,TZ_63,0.47218396096,0.01785300671478018,SCH_0268,3185.8765343528694,1
Morning_moderate_p10,Morning,moderate,10,TZ_65,0.897112281471,0.03391930457030137,SCH_0036,103.53177463922457,1
Morning_moderate_p10,Morning,moderate,10,TZ_66,0.477729956462,0.018062697646966958,SCH_0036,1219.7666900649178,1
Morning_moderate_p10,Morning,moderate,10,TZ_67,0.0,0.0,SCH_0093,3296.9793074562704,1
Morning_moderate_p10,Morning,moderate,10,TZ_71,0.44854658721,0.016959291071791057,SCH_0403,2420.8538925105695,1
Morning_moderate_p10,Morning,moderate,10,TZ_72,0.0788536208395,0.002981410506765562,SCH_0167,3201.902448059928,1
Morning_moderate_p10,Morning,moderate,10,TZ_76,0.526268789219,0.019897923276775514,SCH_0268,2269.508713284049,1
Morning_moderate_p10,Morning,moderate,10,TZ_77,0.409334934383,0.015476720804485084,SCH_0268,59.58324266803661,1
Morning_moderate_p10,Morning,moderate,10,TZ_80,0.469532207956,0.017752745443537297,SCH_0045,1879.118547074124,1
Morning_moderate_p10,Morning,moderate,10,TZ_85,0.42840916746,0.01619790669676026,SCH_0403,1238.0874778186546,1
Morning_moderate_p10,Morning,moderate,10,TZ_89,0.562984705605,0.021286131170253908,SCH_0403,891.043010797585,1
Morning_moderate_p10,Morning,moderate,10,TZ_91,0.0583783746607,0.00220725310681131,SCH_0403,4170.869266685587,1
Morning_moderate_p10,Morning,moderate,10,TZ_97,0.744146304815,0.028135748087738385,SCH_0036,1486.528067724986,1
Morning_moderate_p10,Morning,moderate,10,TZ_106,0.391760717189,0.014812249658676583,SCH_0090,649.4969212913327,1
Morning_moderate_p10,Morning,moderate,10,TZ_108,0.508514288424,0.01922663571066194,SCH_0375,235.4621134869298,1
Morning_moderate_p10,Morning,moderate,10,TZ_111,0.0,0.0,SCH_0090,2848.1815011220315,1
Morning_moderate_p10,Morning,moderate,10,TZ_112,0.582707487795,0.022031838335224818,SCH_0045,2259.777691676152,1
Morning_moderate_p10,Morning,moderate,10,TZ_123,0.398890448044,0.01508182072282307,SCH_0351,467.94582920334176,1
Morning_moderate_p10,Morning,moderate,10,TZ_133,0.431701549142,0.016322389773561218,SCH_0403,1479.53994558282,1
Morning_moderate_p10,Morning,moderate,10,TZ_149,0.452544653819,0.017110455693883465,SCH_0351,1350.6934571778709,1
Morning_moderate_p10,Morning,moderate,10,TZ_150,0.024745440116,0.0009356110013837664,SCH_0351,3108.4607389962785,1
Morning_moderate_p10,Morning,moderate,10,TZ_154,0.0,0.0,SCH_0351,6232.531517974027,1
Morning_moderate_p10,Morning,moderate,10,TZ_155,0.024745440116,0.0009356110013837664,SCH_0351,4524.4161778644875,1
Morning_moderate_p10,Morning,moderate,10,TZ_165,0.486470510657,0.01839317302443844,SCH_0351,2566.7316833407594,1
Morning_moderate_p10,Morning,moderate,10,TZ_177,0.476513251901,0.018016694740275098,SCH_0268,2432.6408613235426,1
Morning_moderate_p10,Morning,moderate,10,TZ_178,0.426289597203,0.016117766952170594,SCH_0351,2544.545459402867,1
Morning_moderate_p10,Morning,moderate,10,TZ_181,0.666965428693,0.02521758310632469,SCH_0090,534.584198747692,1
Morning_moderate_p10,Morning,moderate,10,TZ_188,0.587529324279,0.022214149227258093,SCH_0167,873.5273175133907,1
Morning_moderate_p10,Morning,moderate,10,TZ_189,0.439510776656,0.016617652219496983,SCH_0090,2132.1209171817563,1
Morning_moderate_p10,Morning,moderate,10,TZ_190,0.370757025578,0.014018112037813767,SCH_0167,2367.7120948241663,1
Morning_moderate_p10,Morning,moderate,10,TZ_195,0.391400457921,0.014798628460875646,SCH_0090,2613.71006525083,1
Morning_moderate_p10,Morning,moderate,10,TZ_210,0.729723004817,0.02759041132706134,SCH_0351,2778.388049849023,1
Morning_moderate_p10,Morning,moderate,10,TZ_217,0.435588054699,0.016469336335797433,SCH_0045,1449.942753068302,1
Morning_moderate_p10,Morning,moderate,10,TZ_222,0.0126305597045,0.00047755427091894097,SCH_0268,2668.570573640279,1
Morning_moderate_p10,Morning,moderate,10,TZ_225,0.53869483849,0.020367745124646675,SCH_0139,658.9930018525179,1
Morning_moderate_p10,Morning,moderate,10,TZ_227,0.472220994853,0.01785440694518839,SCH_0093,501.2609879363857,1
Morning_moderate_p10,Morning,moderate,10,TZ_228,0.50227419065,0.018990701166774406,SCH_0093,1491.16718549741,1
Morning_moderate_p10,Morning,moderate,10,TZ_255,0.46729438427,0.017668134604127535,SCH_0045,663.8149098025127,1
Morning_moderate_p10,Morning,moderate,10,TZ_256,0.453733636114,0.0171554104374822,SCH_0045,561.5037768907587,1
Morning_moderate_p10,Morning,moderate,10,TZ_257,0.445697235349,0.01685155870027259,SCH_0403,2372.4253063422893,1
Morning_moderate_p15,Morning,moderate,15,TZ_11,0.0126305597045,0.00047755427091894097,SCH_0309,1615.7198033770035,1
Morning_moderate_p15,Morning,moderate,15,TZ_14,0.569512446821,0.021532941348906855,SCH_0308,610.2171170814876,1
Morning_moderate_p15,Morning,moderate,15,TZ_17,0.709879248982,0.02684013021745219,SCH_0014,425.3273010198983,1
Morning_moderate_p15,Morning,moderate,15,TZ_21,0.472874911905,0.01787913117660135,SCH_0375,1575.8266698759487,1
Morning_moderate_p15,Morning,moderate,15,TZ_22,0.530643010078,0.020063310076888094,SCH_0309,277.6883610722156,1
Morning_moderate_p15,Morning,moderate,15,TZ_25,0.596376382389,0.022548651457115203,SCH_0036,1350.331285442876,1
Morning_moderate_p15,Morning,moderate,15,TZ_26,0.470059485045,0.017772681490054693,SCH_0134,2141.5764312288206,1
Morning_moderate_p15,Morning,moderate,15,TZ_29,0.507774801544,0.019198676132773502,SCH_0396,2595.2096456819245,1
Morning_moderate_p15,Morning,moderate,15,TZ_33,0.793999461013,0.03002066753850998,SCH_0036,966.9344869706408,1
Morning_moderate_p15,Morning,moderate,15,TZ_34,0.0126305597045,0.00047755427091894097,SCH_0036,2902.5461088959487,1
Morning_moderate_p15,Morning,moderate,15,TZ_35,0.578223457116,0.021862299688340855,SCH_0582,218.34420512908065,1
Morning_moderate_p15,Morning,moderate,15,TZ_36,0.569786257449,0.021543293972850975,SCH_0466,553.3177224416928,1
Morning_moderate_p15,Morning,moderate,15,TZ_37,0.516853241896,0.01954192679345767,SCH_0466,450.9348439630932,1
Morning_moderate_p15,Morning,moderate,15,TZ_39,0.392375457934,0.014835492656227836,SCH_0582,3600.5138869422112,1
Morning_moderate_p15,Morning,moderate,15,TZ_40,0.490428042825,0.018542805062395883,SCH_0090,1314.361573604212,1
Morning_moderate_p15,Morning,moderate,15,TZ_49,0.593743134827,0.022449089866097824,SCH_0014,1261.6764459782978,1
Morning_moderate_p15,Morning,moderate,15,TZ_52,0.0583783746607,0.00220725310681131,SCH_0036,1784.4410917232171,1
Morning_moderate_p15,Morning,moderate,15,TZ_54,0.178709616519,0.006756908848032165,SCH_0036,2523.2249188979094,1
Morning_moderate_p15,Morning,moderate,15,TZ_55,0.919354393041,0.03476026614469025,SCH_0375,2059.237481698536,1
Morning_moderate_p15,Morning,moderate,15,TZ_61,0.671558105207,0.02539122959036992,SCH_0167,1841.87841910759,1
Morning_moderate_p15,Morning,moderate,15,TZ_62,0.510252767511,0.01929236661509718,SCH_0167,260.555364695544,1
Morning_moderate_p15,Morning,moderate,15,TZ_63,0.47218396096,0.01785300671478018,SCH_0251,2371.8031457203374,1
Morning_moderate_p15,Morning,moderate,15,TZ_65,0.897112281471,0.03391930457030137,SCH_0036,103.53177463922457,1
Morning_moderate_p15,Morning,moderate,15,TZ_66,0.477729956462,0.018062697646966958,SCH_0036,1219.7666900649178,1
Morning_moderate_p15,Morning,moderate,15,TZ_67,0.0,0.0,SCH_0309,2149.179035912301,1
Morning_moderate_p15,Morning,moderate,15,TZ_71,0.44854658721,0.016959291071791057,SCH_0403,2420.8538925105695,1
Morning_moderate_p15,Morning,moderate,15,TZ_72,0.0788536208395,0.002981410506765562,SCH_0582,2188.6346144933664,1
Morning_moderate_p15,Morning,moderate,15,TZ_76,0.526268789219,0.019897923276775514,SCH_0251,941.4015858100771,1
Morning_moderate_p15,Morning,moderate,15,TZ_77,0.409334934383,0.015476720804485084,SCH_0582,1454.955086114032,1
Morning_moderate_p15,Morning,moderate,15,TZ_80,0.469532207956,0.017752745443537297,SCH_0045,1879.118547074124,1
Morning_moderate_p15,Morning,moderate,15,TZ_85,0.42840916746,0.01619790669676026,SCH_0403,1238.0874778186546,1
Morning_moderate_p15,Morning,moderate,15,TZ_89,0.562984705605,0.021286131170253908,SCH_0403,891.043010797585,1
Morning_moderate_p15,Morning,moderate,15,TZ_91,0.0583783746607,0.00220725310681131,SCH_0374,3000.5755046207246,1
Morning_moderate_p15,Morning,moderate,15,TZ_97,0.744146304815,0.028135748087738385,SCH_0036,1486.528067724986,1
Morning_moderate_p15,Morning,moderate,15,TZ_106,0.391760717189,0.014812249658676583,SCH_0090,649.4969212913327,1
Morning_moderate_p15,Morning,moderate,15,TZ_108,0.508514288424,0.01922663571066194,SCH_0375,235.4621134869298,1
Morning_moderate_p15,Morning,moderate,15,TZ_111,0.0,0.0,SCH_0090,2848.1815011220315,1
Morning_moderate_p15,Morning,moderate,15,TZ_112,0.582707487795,0.022031838335224818,SCH_0045,2259.777691676152,1
Morning_moderate_p15,Morning,moderate,15,TZ_123,0.398890448044,0.01508182072282307,SCH_0396,1865.7929203012293,1
Morning_moderate_p15,Morning,moderate,15,TZ_133,0.431701549142,0.016322389773561218,SCH_0403,1479.53994558282,1
Morning_moderate_p15,Morning,moderate,15,TZ_149,0.452544653819,0.017110455693883465,SCH_0396,1017.3327454713084,1
Morning_moderate_p15,Morning,moderate,15,TZ_150,0.024745440116,0.0009356110013837664,SCH_0396,2538.4032981096248,1
Morning_moderate_p15,Morning,moderate,15,TZ_154,0.0,0.0,SCH_0396,5281.034875007544,1
Morning_moderate_p15,Morning,moderate,15,TZ_155,0.024745440116,0.0009356110013837664,SCH_0396,3572.9195348980024,1
Morning_moderate_p15,Morning,moderate,15,TZ_165,0.486470510657,0.01839317302443844,SCH_0374,470.05136923989215,1
Morning_moderate_p15,Morning,moderate,15,TZ_177,0.476513251901,0.018016694740275098,SCH_0582,1468.2201464823572,1
Morning_moderate_p15,Morning,moderate,15,TZ_178,0.426289597203,0.016117766952170594,SCH_0374,1111.5106728528804,1
Morning_moderate_p15,Morning,moderate,15,TZ_181,0.666965428693,0.02521758310632469,SCH_0090,534.584198747692,1
Morning_moderate_p15,Morning,moderate,15,TZ_188,0.587529324279,0.022214149227258093,SCH_0167,873.5273175133907,1
Morning_moderate_p15,Morning,moderate,15,TZ_189,0.439510776656,0.016617652219496983,SCH_0090,2132.1209171817563,1
Morning_moderate_p15,Morning,moderate,15,TZ_190,0.370757025578,0.014018112037813767,SCH_0167,2367.7120948241663,1
Morning_moderate_p15,Morning,moderate,15,TZ_195,0.391400457921,0.014798628460875646,SCH_0090,2613.71006525083,1
Morning_moderate_p15,Morning,moderate,15,TZ_210,0.729723004817,0.02759041132706134,SCH_0396,1484.9794134726133,1
Morning_moderate_p15,Morning,moderate,15,TZ_217,0.435588054699,0.016469336335797433,SCH_0045,1449.942753068302,1
Morning_moderate_p15,Morning,moderate,15,TZ_222,0.0126305597045,0.00047755427091894097,SCH_0251,2910.5568543033523,1
Morning_moderate_p15,Morning,moderate,15,TZ_225,0.53869483849,0.020367745124646675,SCH_0466,1794.6474719587206,1
Morning_moderate_p15,Morning,moderate,15,TZ_227,0.472220994853,0.01785440694518839,SCH_0134,358.5453505317282,1
Morning_moderate_p15,Morning,moderate,15,TZ_228,0.50227419065,0.018990701166774406,SCH_0134,1506.5720654047589,1
Morning_moderate_p15,Morning,moderate,15,TZ_255,0.46729438427,0.017668134604127535,SCH_0045,663.8149098025127,1
Morning_moderate_p15,Morning,moderate,15,TZ_256,0.453733636114,0.0171554104374822,SCH_0045,561.5037768907587,1
Morning_moderate_p15,Morning,moderate,15,TZ_257,0.445697235349,0.01685155870027259,SCH_0403,2372.4253063422893,1
Morning_strict_p5,Morning,strict,5,TZ_11,0.0126305597045,0.00047755427091894097,SCH_0342,3426.7013132153697,1
Morning_strict_p5,Morning,strict,5,TZ_14,0.569512446821,0.021532941348906855,SCH_0342,6110.07863107604,1
Morning_strict_p5,Morning,strict,5,TZ_17,0.709879248982,0.02684013021745219,SCH_0055,1925.162634693856,1
Morning_strict_p5,Morning,strict,5,TZ_21,0.472874911905,0.01787913117660135,SCH_0342,1302.8706251719902,1
Morning_strict_p5,Morning,strict,5,TZ_22,0.530643010078,0.020063310076888094,SCH_0342,2998.2158202376395,1
Morning_strict_p5,Morning,strict,5,TZ_25,0.596376382389,0.022548651457115203,SCH_0116,764.5266804506934,1
Morning_strict_p5,Morning,strict,5,TZ_26,0.470059485045,0.017772681490054693,SCH_0403,3100.8680517546823,1
Morning_strict_p5,Morning,strict,5,TZ_29,0.507774801544,0.019198676132773502,SCH_0342,2792.695168767877,1
Morning_strict_p5,Morning,strict,5,TZ_33,0.793999461013,0.03002066753850998,SCH_0116,1854.1195498975144,1
Morning_strict_p5,Morning,strict,5,TZ_34,0.0126305597045,0.00047755427091894097,SCH_0116,3354.1090471960383,1
Morning_strict_p5,Morning,strict,5,TZ_35,0.578223457116,0.021862299688340855,SCH_0268,1378.0838385377835,1
Morning_strict_p5,Morning,strict,5,TZ_36,0.569786257449,0.021543293972850975,SCH_0055,2111.0999894228303,1
Morning_strict_p5,Morning,strict,5,TZ_37,0.516853241896,0.01954192679345767,SCH_0055,1848.216972438928,1
Morning_strict_p5,Morning,strict,5,TZ_39,0.392375457934,0.014835492656227836,SCH_0268,3902.4608401103274,1
Morning_strict_p5,Morning,strict,5,TZ_40,0.490428042825,0.018542805062395883,SCH_0116,2151.4870387310366,1
Morning_strict_p5,Morning,strict,5,TZ_49,0.593743134827,0.022449089866097824,SCH_0116,1585.4566212473037,1
Morning_strict_p5,Morning,strict,5,TZ_52,0.0583783746607,0.00220725310681131,SCH_0116,1977.787861387548,1
Morning_strict_p5,Morning,strict,5,TZ_54,0.178709616519,0.006756908848032165,SCH_0116,2713.191987597713,1
Morning_strict_p5,Morning,strict,5,TZ_55,0.919354393041,0.03476026614469025,SCH_0342,3067.817415306703,1
Morning_strict_p5,Morning,strict,5,TZ_61,0.671558105207,0.02539122959036992,SCH_0055,3263.268450218401,1
Morning_strict_p5,Morning,strict,5,TZ_62,0.510252767511,0.01929236661509718,SCH_0403,3693.426492799804,1
Morning_strict_p5,Morning,strict,5,TZ_63,0.47218396096,0.01785300671478018,SCH_0268,3185.8765343528694,1
Morning_strict_p5,Morning,strict,5,TZ_65,0.897112281471,0.03391930457030137,SCH_0116,1243.912291568525,1
Morning_strict_p5,Morning,strict,5,TZ_66,0.477729956462,0.018062697646966958,SCH_0116,2076.5675408886545,1
Morning_strict_p5,Morning,strict,5,TZ_67,0.0,0.0,SCH_0342,4655.107786164401,1
Morning_strict_p5,Morning,strict,5,TZ_71,0.44854658721,0.016959291071791057,SCH_0403,2420.8538925105695,1
Morning_strict_p5,Morning,strict,5,TZ_72,0.0788536208395,0.002981410506765562,SCH_0268,3377.0609357199064,1
Morning_strict_p5,Morning,strict,5,TZ_76,0.526268789219,0.019897923276775514,SCH_0268,2269.508713284049,1
Morning_strict_p5,Morning,strict,5,TZ_77,0.409334934383,0.015476720804485084,SCH_0268,59.58324266803661,1
Morning_strict_p5,Morning,strict,5,TZ_80,0.469532207956,0.017752745443537297,SCH_0055,2112.370427729552,1
Morning_strict_p5,Morning,strict,5,TZ_85,0.42840916746,0.01619790669676026,SCH_0403,1238.0874778186546,1
Morning_strict_p5,Morning,strict,5,TZ_89,0.562984705605,0.021286131170253908,SCH_0403,891.043010797585,1
Morning_strict_p5,Morning,strict,5,TZ_91,0.0583783746607,0.00220725310681131,SCH_0403,4170.869266685587,1
Morning_strict_p5,Morning,strict,5,TZ_97,0.744146304815,0.028135748087738385,SCH_0116,870.0874794088285,1
Morning_strict_p5,Morning,strict,5,TZ_106,0.391760717189,0.014812249658676583,SCH_0116,1821.0395968472096,1
Morning_strict_p5,Morning,strict,5,TZ_108,0.508514288424,0.01922663571066194,SCH_0342,1386.448332498573,1
Morning_strict_p5,Morning,strict,5,TZ_111,0.0,0.0,SCH_0403,4215.164115457561,1
Morning_strict_p5,Morning,strict,5,TZ_112,0.582707487795,0.022031838335224818,SCH_0055,3576.4316669988134,1
Morning_strict_p5,Morning,strict,5,TZ_123,0.398890448044,0.01508182072282307,SCH_0342,1294.5693520465895,1
Morning_strict_p5,Morning,strict,5,TZ_133,0.431701549142,0.016322389773561218,SCH_0403,1479.53994558282,1
Morning_strict_p5,Morning,strict,5,TZ_149,0.452544653819,0.017110455693883465,SCH_0342,2938.1213878543126,1
Morning_strict_p5,Morning,strict,5,TZ_150,0.024745440116,0.0009356110013837664,SCH_0342,3803.8026939802153,1
Morning_strict_p5,Morning,strict,5,TZ_154,0.0,0.0,SCH_0342,7480.690930242166,1
Morning_strict_p5,Morning,strict,5,TZ_155,0.024745440116,0.0009356110013837664,SCH_0342,5772.575590132626,1
Morning_strict_p5,Morning,strict,5,TZ_165,0.486470510657,0.01839317302443844,SCH_0403,2909.277023990917,1
Morning_strict_p5,Morning,strict,5,TZ_177,0.476513251901,0.018016694740275098,SCH_0268,2432.6408613235426,1
Morning_strict_p5,Morning,strict,5,TZ_178,0.426289597203,0.016117766952170594,SCH_0342,2763.4460174255114,1
Morning_strict_p5,Morning,strict,5,TZ_181,0.666965428693,0.02521758310632469,SCH_0116,2132.914096990705,1
Morning_strict_p5,Morning,strict,5,TZ_188,0.587529324279,0.022214149227258093,SCH_0403,2791.104455495985,1
Morning_strict_p5,Morning,strict,5,TZ_189,0.439510776656,0.016617652219496983,SCH_0116,1559.3131508888353,1
Morning_strict_p5,Morning,strict,5,TZ_190,0.370757025578,0.014018112037813767,SCH_0403,2529.019901494453,1
Morning_strict_p5,Morning,strict,5,TZ_195,0.391400457921,0.014798628460875646,SCH_0116,3677.638991637205,1
Morning_strict_p5,Morning,strict,5,TZ_210,0.729723004817,0.02759041132706134,SCH_0342,3473.73000483296,1
Morning_strict_p5,Morning,strict,5,TZ_217,0.435588054699,0.016469336335797433,SCH_0055,2061.035799884978,1
Morning_strict_p5,Morning,strict,5,TZ_222,0.0126305597045,0.00047755427091894097,SCH_0268,2668.570573640279,1
Morning_strict_p5,Morning,strict,5,TZ_225,0.53869483849,0.020367745124646675,SCH_0055,1802.7234186283783,1
Morning_strict_p5,Morning,strict,5,TZ_227,0.472220994853,0.01785440694518839,SCH_0403,4238.811542008873,1
Morning_strict_p5,Morning,strict,5,TZ_228,0.50227419065,0.018990701166774406,SCH_0116,4813.454272085167,1
Morning_strict_p5,Morning,strict,5,TZ_255,0.46729438427,0.017668134604127535,SCH_0055,2961.250358902728,1
Morning_strict_p5,Morning,strict,5,TZ_256,0.453733636114,0.0171554104374822,SCH_0055,2369.5902094000394,1
Morning_strict_p5,Morning,strict,5,TZ_257,0.445697235349,0.01685155870027259,SCH_0403,2372.4253063422893,1
Morning_strict_p10,Morning,strict,10,TZ_11,0.0126305597045,0.00047755427091894097,SCH_0579,2463.0558240490673,1
Morning_strict_p10,Morning,strict,10,TZ_14,0.569512446821,0.021532941348906855,SCH_0093,3413.6434781361127,1
Morning_strict_p10,Morning,strict,10,TZ_17,0.709879248982,0.02684013021745219,SCH_0139,1830.7582236829896,1
Morning_strict_p10,Morning,strict,10,TZ_21,0.472874911905,0.01787913117660135,SCH_0579,440.81245225615146,1
Morning_strict_p10,Morning,strict,10,TZ_22,0.530643010078,0.020063310076888094,SCH_0579,1693.8763347797883,1
Morning_strict_p10,Morning,strict,10,TZ_25,0.596376382389,0.022548651457115203,SCH_0036,1350.331285442876,1
Morning_strict_p10,Morning,strict,10,TZ_26,0.470059485045,0.017772681490054693,SCH_0093,2234.1521761546614,1
Morning_strict_p10,Morning,strict,10,TZ_29,0.507774801544,0.019198676132773502,SCH_0396,2595.2096456819245,1
Morning_strict_p10,Morning,strict,10,TZ_33,0.793999461013,0.03002066753850998,SCH_0036,966.9344869706408,1
Morning_strict_p10,Morning,strict,10,TZ_34,0.0126305597045,0.00047755427091894097,SCH_0036,2902.5461088959487,1
Morning_strict_p10,Morning,strict,10,TZ_35,0.578223457116,0.021862299688340855,SCH_0268,1378.0838385377835,1
Morning_strict_p10,Morning,strict,10,TZ_36,0.569786257449,0.021543293972850975,SCH_0139,1716.9869155096915,1
Morning_strict_p10,Morning,strict,10,TZ_37,0.516853241896,0.01954192679345767,SCH_0139,1299.557816156989,1
Morning_strict_p10,Morning,strict,10,TZ_39,0.392375457934,0.014835492656227836,SCH_0268,3902.4608401103274,1
Morning_strict_p10,Morning,strict,10,TZ_40,0.490428042825,0.018542805062395883,SCH_0090,1314.361573604212,1
Morning_strict_p10,Morning,strict,10,TZ_49,0.593743134827,0.022449089866097824,SCH_0036,2650.6988292010524,1
Morning_strict_p10,Morning,strict,10,TZ_52,0.0583783746607,0.00220725310681131,SCH_0036,1784.4410917232171,1
Morning_strict_p10,Morning,strict,10,TZ_54,0.178709616519,0.006756908848032165,SCH_0036,2523.2249188979094,1
Morning_strict_p10,Morning,strict,10,TZ_55,0.919354393041,0.03476026614469025,SCH_0579,3128.467874116553,1
Morning_strict_p10,Morning,strict,10,TZ_61,0.671558105207,0.02539122959036992,SCH_0167,1841.87841910759,1
Morning_strict_p10,Morning,strict,10,TZ_62,0.510252767511,0.01929236661509718,SCH_0167,260.555364695544,1
Morning_strict_p10,Morning,strict,10,TZ_63,0.47218396096,0.01785300671478018,SCH_0268,3185.8765343528694,1
Morning_strict_p10,Morning,strict,10,TZ_65,0.897112281471,0.03391930457030137,SCH_0036,103.53177463922457,1
Morning_strict_p10,Morning,strict,10,TZ_66,0.477729956462,0.018062697646966958,SCH_0036,1219.7666900649178,1
Morning_strict_p10,Morning,strict,10,TZ_67,0.0,0.0,SCH_0579,3224.5989233651903,1
Morning_strict_p10,Morning,strict,10,TZ_71,0.44854658721,0.016959291071791057,SCH_0403,2420.8538925105695,1
Morning_strict_p10,Morning,strict,10,TZ_72,0.0788536208395,0.002981410506765562,SCH_0167,3201.902448059928,1
Morning_strict_p10,Morning,strict,10,TZ_76,0.526268789219,0.019897923276775514,SCH_0268,2269.508713284049,1
Morning_strict_p10,Morning,strict,10,TZ_77,0.409334934383,0.015476720804485084,SCH_0268,59.58324266803661,1
Morning_strict_p10,Morning,strict,10,TZ_80,0.469532207956,0.017752745443537297,SCH_0045,1879.118547074124,1
Morning_strict_p10,Morning,strict,10,TZ_85,0.42840916746,0.01619790669676026,SCH_0403,1238.0874778186546,1
Morning_strict_p10,Morning,strict,10,TZ_89,0.562984705605,0.021286131170253908,SCH_0403,891.043010797585,1
Morning_strict_p10,Morning,strict,10,TZ_91,0.0583783746607,0.00220725310681131,SCH_0403,4170.869266685587,1
Morning_strict_p10,Morning,strict,10,TZ_97,0.744146304815,0.028135748087738385,SCH_0036,1486.528067724986,1
Morning_strict_p10,Morning,strict,10,TZ_106,0.391760717189,0.014812249658676583,SCH_0090,649.4969212913327,1
Morning_strict_p10,Morning,strict,10,TZ_108,0.508514288424,0.01922663571066194,SCH_0579,1582.1252927240982,1
Morning_strict_p10,Morning,strict,10,TZ_111,0.0,0.0,SCH_0090,2848.1815011220315,1
Morning_strict_p10,Morning,strict,10,TZ_112,0.582707487795,0.022031838335224818,SCH_0045,2259.777691676152,1
Morning_strict_p10,Morning,strict,10,TZ_123,0.398890448044,0.01508182072282307,SCH_0396,1865.7929203012293,1
Morning_strict_p10,Morning,strict,10,TZ_133,0.431701549142,0.016322389773561218,SCH_0403,1479.53994558282,1
Morning_strict_p10,Morning,strict,10,TZ_149,0.452544653819,0.017110455693883465,SCH_0396,1017.3327454713084,1
Morning_strict_p10,Morning,strict,10,TZ_150,0.024745440116,0.0009356110013837664,SCH_0396,2538.4032981096248,1
Morning_strict_p10,Morning,strict,10,TZ_154,0.0,0.0,SCH_0396,5281.034875007544,1
Morning_strict_p10,Morning,strict,10,TZ_155,0.024745440116,0.0009356110013837664,SCH_0396,3572.9195348980024,1
Morning_strict_p10,Morning,strict,10,TZ_165,0.486470510657,0.01839317302443844,SCH_0403,2909.277023990917,1
Morning_strict_p10,Morning,strict,10,TZ_177,0.476513251901,0.018016694740275098,SCH_0268,2432.6408613235426,1
Morning_strict_p10,Morning,strict,10,TZ_178,0.426289597203,0.016117766952170594,SCH_0579,2883.3309864351017,1
Morning_strict_p10,Morning,strict,10,TZ_181,0.666965428693,0.02521758310632469,SCH_0090,534.584198747692,1
Morning_strict_p10,Morning,strict,10,TZ_188,0.587529324279,0.022214149227258093,SCH_0167,873.5273175133907,1
Morning_strict_p10,Morning,strict,10,TZ_189,0.439510776656,0.016617652219496983,SCH_0090,2132.1209171817563,1
Morning_strict_p10,Morning,strict,10,TZ_190,0.370757025578,0.014018112037813767,SCH_0167,2367.7120948241663,1
Morning_strict_p10,Morning,strict,10,TZ_195,0.391400457921,0.014798628460875646,SCH_0090,2613.71006525083,1
Morning_strict_p10,Morning,strict,10,TZ_210,0.729723004817,0.02759041132706134,SCH_0396,1484.9794134726133,1
Morning_strict_p10,Morning,strict,10,TZ_217,0.435588054699,0.016469336335797433,SCH_0045,1449.942753068302,1
Morning_strict_p10,Morning,strict,10,TZ_222,0.0126305597045,0.00047755427091894097,SCH_0268,2668.570573640279,1
Morning_strict_p10,Morning,strict,10,TZ_225,0.53869483849,0.020367745124646675,SCH_0139,658.9930018525179,1
Morning_strict_p10,Morning,strict,10,TZ_227,0.472220994853,0.01785440694518839,SCH_0093,501.2609879363857,1
Morning_strict_p10,Morning,strict,10,TZ_228,0.50227419065,0.018990701166774406,SCH_0093,1491.16718549741,1
Morning_strict_p10,Morning,strict,10,TZ_255,0.46729438427,0.017668134604127535,SCH_0045,663.8149098025127,1
Morning_strict_p10,Morning,strict,10,TZ_256,0.453733636114,0.0171554104374822,SCH_0045,561.5037768907587,1
Morning_strict_p10,Morning,strict,10,TZ_257,0.445697235349,0.01685155870027259,SCH_0403,2372.4253063422893,1
Morning_strict_p15,Morning,strict,15,TZ_11,0.0126305597045,0.00047755427091894097,SCH_0579,2463.0558240490673,1
Morning_strict_p15,Morning,strict,15,TZ_14,0.569512446821,0.021532941348906855,SCH_0308,610.2171170814876,1
Morning_strict_p15,Morning,strict,15,TZ_17,0.709879248982,0.02684013021745219,SCH_0014,425.3273010198983,1
Morning_strict_p15,Morning,strict,15,TZ_21,0.472874911905,0.01787913117660135,SCH_0579,440.81245225615146,1
Morning_strict_p15,Morning,strict,15,TZ_22,0.530643010078,0.020063310076888094,SCH_0579,1693.8763347797883,1
Morning_strict_p15,Morning,strict,15,TZ_25,0.596376382389,0.022548651457115203,SCH_0036,1350.331285442876,1
Morning_strict_p15,Morning,strict,15,TZ_26,0.470059485045,0.017772681490054693,SCH_0306,1633.4744349348537,1
Morning_strict_p15,Morning,strict,15,TZ_29,0.507774801544,0.019198676132773502,SCH_0396,2595.2096456819245,1
Morning_strict_p15,Morning,strict,15,TZ_33,0.793999461013,0.03002066753850998,SCH_0036,966.9344869706408,1
Morning_strict_p15,Morning,strict,15,TZ_34,0.0126305597045,0.00047755427091894097,SCH_0036,2902.5461088959487,1
Morning_strict_p15,Morning,strict,15,TZ_35,0.578223457116,0.021862299688340855,SCH_0582,218.34420512908065,1
Morning_strict_p15,Morning,strict,15,TZ_36,0.569786257449,0.021543293972850975,SCH_0466,553.3177224416928,1
Morning_strict_p15,Morning,strict,15,TZ_37,0.516853241896,0.01954192679345767,SCH_0466,450.9348439630932,1
Morning_strict_p15,Morning,strict,15,TZ_39,0.392375457934,0.014835492656227836,SCH_0582,3600.5138869422112,1
Morning_strict_p15,Morning,strict,15,TZ_40,0.490428042825,0.018542805062395883,SCH_0090,1314.361573604212,1
Morning_strict_p15,Morning,strict,15,TZ_49,0.593743134827,0.022449089866097824,SCH_0014,1261.6764459782978,1
Morning_strict_p15,Morning,strict,15,TZ_52,0.0583783746607,0.00220725310681131,SCH_0036,1784.4410917232171,1
Morning_strict_p15,Morning,strict,15,TZ_54,0.178709616519,0.006756908848032165,SCH_0036,2523.2249188979094,1
Morning_strict_p15,Morning,strict,15,TZ_55,0.919354393041,0.03476026614469025,SCH_0579,3128.467874116553,1
Morning_strict_p15,Morning,strict,15,TZ_61,0.671558105207,0.02539122959036992,SCH_0167,1841.87841910759,1
Morning_strict_p15,Morning,strict,15,TZ_62,0.510252767511,0.01929236661509718,SCH_0167,260.555364695544,1
Morning_strict_p15,Morning,strict,15,TZ_63,0.47218396096,0.01785300671478018,SCH_0251,2371.8031457203374,1
Morning_strict_p15,Morning,strict,15,TZ_65,0.897112281471,0.03391930457030137,SCH_0036,103.53177463922457,1
Morning_strict_p15,Morning,strict,15,TZ_66,0.477729956462,0.018062697646966958,SCH_0036,1219.7666900649178,1
Morning_strict_p15,Morning,strict,15,TZ_67,0.0,0.0,SCH_0308,2159.4808420986265,1
Morning_strict_p15,Morning,strict,15,TZ_71,0.44854658721,0.016959291071791057,SCH_0567,1505.3691729808152,1
Morning_strict_p15,Morning,strict,15,TZ_72,0.0788536208395,0.002981410506765562,SCH_0582,2188.6346144933664,1
Morning_strict_p15,Morning,strict,15,TZ_76,0.526268789219,0.019897923276775514,SCH_0251,941.4015858100771,1
Morning_strict_p15,Morning,strict,15,TZ_77,0.409334934383,0.015476720804485084,SCH_0582,1454.955086114032,1
Morning_strict_p15,Morning,strict,15,TZ_80,0.469532207956,0.017752745443537297,SCH_0045,1879.118547074124,1
Morning_strict_p15,Morning,strict,15,TZ_85,0.42840916746,0.01619790669676026,SCH_0567,970.2407879166396,1
Morning_strict_p15,Morning,strict,15,TZ_89,0.562984705605,0.021286131170253908,SCH_0567,1277.299230782636,1
Morning_strict_p15,Morning,strict,15,TZ_91,0.0583783746607,0.00220725310681131,SCH_0567,2756.2498857115447,1
Morning_strict_p15,Morning,strict,15,TZ_97,0.744146304815,0.028135748087738385,SCH_0036,1486.528067724986,1
Morning_strict_p15,Morning,strict,15,TZ_106,0.391760717189,0.014812249658676583,SCH_0090,649.4969212913327,1
Morning_strict_p15,Morning,strict,15,TZ_108,0.508514288424,0.01922663571066194,SCH_0579,1582.1252927240982,1
Morning_strict_p15,Morning,strict,15,TZ_111,0.0,0.0,SCH_0090,2848.1815011220315,1
Morning_strict_p15,Morning,strict,15,TZ_112,0.582707487795,0.022031838335224818,SCH_0045,2259.777691676152,1
Morning_strict_p15,Morning,strict,15,TZ_123,0.398890448044,0.01508182072282307,SCH_0396,1865.7929203012293,1
Morning_strict_p15,Morning,strict,15,TZ_133,0.431701549142,0.016322389773561218,SCH_0306,160.76951439588552,1
Morning_strict_p15,Morning,strict,15,TZ_149,0.452544653819,0.017110455693883465,SCH_0396,1017.3327454713084,1
Morning_strict_p15,Morning,strict,15,TZ_150,0.024745440116,0.0009356110013837664,SCH_0396,2538.4032981096248,1
Morning_strict_p15,Morning,strict,15,TZ_154,0.0,0.0,SCH_0396,5281.034875007544,1
Morning_strict_p15,Morning,strict,15,TZ_155,0.024745440116,0.0009356110013837664,SCH_0396,3572.9195348980024,1
Morning_strict_p15,Morning,strict,15,TZ_165,0.486470510657,0.01839317302443844,SCH_0374,470.05136923989215,1
Morning_strict_p15,Morning,strict,15,TZ_177,0.476513251901,0.018016694740275098,SCH_0582,1468.2201464823572,1
Morning_strict_p15,Morning,strict,15,TZ_178,0.426289597203,0.016117766952170594,SCH_0374,1111.5106728528804,1
Morning_strict_p15,Morning,strict,15,TZ_181,0.666965428693,0.02521758310632469,SCH_0090,534.584198747692,1
Morning_strict_p15,Morning,strict,15,TZ_188,0.587529324279,0.022214149227258093,SCH_0167,873.5273175133907,1
Morning_strict_p15,Morning,strict,15,TZ_189,0.439510776656,0.016617652219496983,SCH_0090,2132.1209171817563,1
Morning_strict_p15,Morning,strict,15,TZ_190,0.370757025578,0.014018112037813767,SCH_0167,2367.7120948241663,1
Morning_strict_p15,Morning,strict,15,TZ_195,0.391400457921,0.014798628460875646,SCH_0090,2613.71006525083,1
Morning_strict_p15,Morning,strict,15,TZ_210,0.729723004817,0.02759041132706134,SCH_0396,1484.9794134726133,1
Morning_strict_p15,Morning,strict,15,TZ_217,0.435588054699,0.016469336335797433,SCH_0045,1449.942753068302,1
Morning_strict_p15,Morning,strict,15,TZ_222,0.0126305597045,0.00047755427091894097,SCH_0251,2910.5568543033523,1
Morning_strict_p15,Morning,strict,15,TZ_225,0.53869483849,0.020367745124646675,SCH_0466,1794.6474719587206,1
Morning_strict_p15,Morning,strict,15,TZ_227,0.472220994853,0.01785440694518839,SCH_0121,1443.4287973849025,1
Morning_strict_p15,Morning,strict,15,TZ_228,0.50227419065,0.018990701166774406,SCH_0121,352.09164284343274,1
Morning_strict_p15,Morning,strict,15,TZ_255,0.46729438427,0.017668134604127535,SCH_0045,663.8149098025127,1
Morning_strict_p15,Morning,strict,15,TZ_256,0.453733636114,0.0171554104374822,SCH_0045,561.5037768907587,1
Morning_strict_p15,Morning,strict,15,TZ_257,0.445697235349,0.01685155870027259,SCH_0306,1684.6400299796192,1
Evening_baseline_p5,Evening,baseline,5,TZ_11,0.0189328176123,0.0007675789589264758,SCH_0357,3907.447950600144,1
Evening_baseline_p5,Evening,baseline,5,TZ_14,0.438210282103,0.017766029283933726,SCH_0132,6080.365013134468,1
Evening_baseline_p5,Evening,baseline,5,TZ_17,0.58839299127,0.023854773701788994,SCH_0533,2119.7855457689698,1
Evening_baseline_p5,Evening,baseline,5,TZ_21,0.404264042087,0.016389772452831016,SCH_0357,1284.1163294941605,1
Evening_baseline_p5,Evening,baseline,5,TZ_22,0.4221000599,0.017112884683912897,SCH_0357,2683.739350860985,1
Evening_baseline_p5,Evening,baseline,5,TZ_25,0.70722001852,0.02867228833361155,SCH_0116,764.5266804506934,1
Evening_baseline_p5,Evening,baseline,5,TZ_26,0.400559588191,0.0162395855697632,SCH_0132,2509.960083366844,1
Evening_baseline_p5,Evening,baseline,5,TZ_29,0.458355200566,0.018582749534354487,SCH_0357,3098.7981735533376,1
Evening_baseline_p5,Evening,baseline,5,TZ_33,0.695874818992,0.028212328457546513,SCH_0116,1854.1195498975144,1
Evening_baseline_p5,Evening,baseline,5,TZ_34,0.0509974486517,0.002067551135048563,SCH_0116,3354.1090471960383,1
Evening_baseline_p5,Evening,baseline,5,TZ_35,0.468166651372,0.01898052779163486,SCH_0582,218.34420512908065,1
Evening_baseline_p5,Evening,baseline,5,TZ_36,0.469448941464,0.01903251471265287,SCH_0533,2742.504372136873,1
Evening_baseline_p5,Evening,baseline,5,TZ_37,0.489301904449,0.01983739843211215,SCH_0533,2844.7508780800445,1
Evening_baseline_p5,Evening,baseline,5,TZ_39,0.311386069923,0.012624290809225582,SCH_0582,3600.5138869422112,1
Evening_baseline_p5,Evening,baseline,5,TZ_40,0.504891615273,0.020469440331489907,SCH_0116,2151.4870387310366,1
Evening_baseline_p5,Evening,baseline,5,TZ_49,0.656414337799,0.026612511901283754,SCH_0116,1585.4566212473037,1
Evening_baseline_p5,Evening,baseline,5,TZ_52,0.167398376563,0.006786706249403322,SCH_0116,1977.787861387548,1
Evening_baseline_p5,Evening,baseline,5,TZ_54,0.0557493505017,0.0022602039112826805,SCH_0116,2713.191987597713,1
Evening_baseline_p5,Evening,baseline,5,TZ_55,0.555843904635,0.022535160607482854,SCH_0357,4091.8120864393486,1
Evening_baseline_p5,Evening,baseline,5,TZ_61,0.676662066779,0.027433400321029415,SCH_0582,3158.3944848433093,1
Evening_baseline_p5,Evening,baseline,5,TZ_62,0.48821683051,0.01979340709698648,SCH_0582,3550.6845109919327,1
Evening_baseline_p5,Evening,baseline,5,TZ_63,0.379013260074,0.01536604902367665,SCH_0582,3975.967615478892,1
Evening_baseline_p5,Evening,baseline,5,TZ_65,0.878611260351,0.03562087431102503,SCH_0116,1243.912291568525,1
Evening_baseline_p5,Evening,baseline,5,TZ_66,0.726521849613,0.02945482792804119,SCH_0116,2076.5675408886545,1
Evening_baseline_p5,Evening,baseline,5,TZ_67,0.00657225249643,0.0002664538808916792,SCH_0357,4480.374865541688,1
Evening_baseline_p5,Evening,baseline,5,TZ_71,0.40734245204,0.016514578108030354,SCH_0132,3589.292482997993,1
Evening_baseline_p5,Evening,baseline,5,TZ_72,0.0410311117275,0.0016634934465818436,SCH_0582,2188.6346144933664,1
Evening_baseline_p5,Evening,baseline,5,TZ_76,0.494804105752,0.020060470033732444,SCH_0582,3663.2704113862337,1
Evening_baseline_p5,Evening,baseline,5,TZ_77,0.350535050125,0.014211478415520484,SCH_0582,1454.955086114032,1
Evening_baseline_p5,Evening,baseline,5,TZ_80,0.481680200225,0.01952839742057213,SCH_0533,1686.7063087359743,1
Evening_baseline_p5,Evening,baseline,5,TZ_85,0.351062969046,0.014232881434557412,SCH_0132,2406.5260683060765,1
Evening_baseline_p5,Evening,baseline,5,TZ_89,0.561611962605,0.02276901063563523,SCH_0132,2092.7827350331368,1
Evening_baseline_p5,Evening,baseline,5,TZ_91,0.0734171260775,0.002976495224109188,SCH_0357,4673.827632168381,1
Evening_baseline_p5,Evening,baseline,5,TZ_97,0.959698424913,0.03890833012617871,SCH_0116,870.0874794088285,1
Evening_baseline_p5,Evening,baseline,5,TZ_106,0.406480999874,0.016479652901952538,SCH_0116,1821.0395968472096,1
Evening_baseline_p5,Evening,baseline,5,TZ_108,0.374930438972,0.01520052228406869,SCH_0357,2410.658431786473,1
Evening_baseline_p5,Evening,baseline,5,TZ_111,0.0,0.0,SCH_0132,2926.3822676252353,1
Evening_baseline_p5,Evening,baseline,5,TZ_112,0.478278239958,0.019390474308781488,SCH_0533,2881.539711089265,1
Evening_baseline_p5,Evening,baseline,5,TZ_123,0.307205808231,0.01245481360919694,SCH_0357,905.9193680109821,1
Evening_baseline_p5,Evening,baseline,5,TZ_133,0.398463743628,0.01615461532282573,SCH_0132,985.9043395204304,1
Evening_baseline_p5,Evening,baseline,5,TZ_149,0.422663565416,0.01713573046345707,SCH_0357,2074.7360365797304,1
Evening_baseline_p5,Evening,baseline,5,TZ_150,0.060359383141,0.002447104991003223,SCH_0357,4109.905698765674,1
Evening_baseline_p5,Evening,baseline,5,TZ_154,0.0,0.0,SCH_0357,7261.292043996438,1
Evening_baseline_p5,Evening,baseline,5,TZ_155,0.0247608536081,0.0010038606309865248,SCH_0357,5486.857608601729,1
Evening_baseline_p5,Evening,baseline,5,TZ_165,0.406148018794,0.016466153100921203,SCH_0357,2960.074402712799,1
Evening_baseline_p5,Evening,baseline,5,TZ_177,0.462616799596,0.01875552433279148,SCH_0582,1468.2201464823572,1
Evening_baseline_p5,Evening,baseline,5,TZ_178,0.323456042905,0.013113634629332703,SCH_0357,1822.4223920544073,1
Evening_baseline_p5,Evening,baseline,5,TZ_181,0.735893720562,0.029834784630394524,SCH_0116,2132.914096990705,1
Evening_baseline_p5,Evening,baseline,5,TZ_188,0.558246728219,0.0226325764735657,SCH_0132,2913.3230224198387,1
Evening_baseline_p5,Evening,baseline,5,TZ_189,0.558901643237,0.02265912819967408,SCH_0116,1559.3131508888353,1
Evening_baseline_p5,Evening,baseline,5,TZ_190,0.351503207778,0.01425072970175712,SCH_0132,2065.6955270321337,1
Evening_baseline_p5,Evening,baseline,5,TZ_195,0.14807010515,0.006003094705002214,SCH_0116,3677.638991637205,1
Evening_baseline_p5,Evening,baseline,5,TZ_210,0.551429241601,0.0223561802504626,SCH_0357,3779.83300961842,1
Evening_baseline_p5,Evening,baseline,5,TZ_217,0.43146999879,0.017492763056253968,SCH_0533,1453.4494995573336,1
Evening_baseline_p5,Evening,baseline,5,TZ_222,0.0128761736916,0.0005220290080190625,SCH_0582,4052.0317635030024,1
Evening_baseline_p5,Evening,baseline,5,TZ_225,0.534533487601,0.02167118842667972,SCH_0533,2620.366477602173,1
Evening_baseline_p5,Evening,baseline,5,TZ_227,0.424602155966,0.017214325279433482,SCH_0132,3220.4609501542195,1
Evening_baseline_p5,Evening,baseline,5,TZ_228,0.540377049207,0.021908099541855852,SCH_0132,3888.723964504374,1
Evening_baseline_p5,Evening,baseline,5,TZ_255,0.526088409606,0.021328805992739005,SCH_0533,2129.517742577107,1
Evening_baseline_p5,Evening,baseline,5,TZ_256,0.469496198196,0.019034430606731274,SCH_0533,1608.3909674893885,1
Evening_baseline_p5,Evening,baseline,5,TZ_257,0.416487361636,0.016885333287260204,SCH_0132,1086.9426368771035,1
Evening_baseline_p10,Evening,baseline,10,TZ_11,0.0189328176123,0.0007675789589264758,SCH_0579,2463.0558240490673,1
Evening_baseline_p10,Evening,baseline,10,TZ_14,0.438210282103,0.017766029283933726,SCH_0093,3413.6434781361127,1
Evening_baseline_p10,Evening,baseline,10,TZ_17,0.58839299127,0.023854773701788994,EC_025,1906.8598141468449,1
Evening_baseline_p10,Evening,baseline,10,TZ_21,0.404264042087,0.016389772452831016,SCH_0579,440.81245225615146,1
Evening_baseline_p10,Evening,baseline,10,TZ_22,0.4221000599,0.017112884683912897,SCH_0579,1693.8763347797883,1
Evening_baseline_p10,Evening,baseline,10,TZ_25,0.70722001852,0.02867228833361155,SCH_0042,1213.5859940431524,1
Evening_baseline_p10,Evening,baseline,10,TZ_26,0.400559588191,0.0162395855697632,SCH_0093,2234.1521761546614,1
Evening_baseline_p10,Evening,baseline,10,TZ_29,0.458355200566,0.018582749534354487,SCH_0405,1685.4154549620475,1
Evening_baseline_p10,Evening,baseline,10,TZ_33,0.695874818992,0.028212328457546513,EC_001,752.949871672617,1
Evening_baseline_p10,Evening,baseline,10,TZ_34,0.0509974486517,0.002067551135048563,EC_001,3105.7655543488554,1
Evening_baseline_p10,Evening,baseline,10,TZ_35,0.468166651372,0.01898052779163486,SCH_0268,1378.0838385377835,1
Evening_baseline_p10,Evening,baseline,10,TZ_36,0.469448941464,0.01903251471265287,EC_025,1757.9598754758179,1
Evening_baseline_p10,Evening,baseline,10,TZ_37,0.489301904449,0.01983739843211215,EC_025,1261.134795709334,1
Evening_baseline_p10,Evening,baseline,10,TZ_39,0.311386069923,0.012624290809225582,SCH_0268,3902.4608401103274,1
Evening_baseline_p10,Evening,baseline,10,TZ_40,0.504891615273,0.020469440331489907,EC_001,2023.9511156629512,1
Evening_baseline_p10,Evening,baseline,10,TZ_49,0.656414337799,0.026612511901283754,SCH_0042,1538.5484639685603,1
Evening_baseline_p10,Evening,baseline,10,TZ_52,0.167398376563,0.006786706249403322,EC_001,1570.4564764251932,1
Evening_baseline_p10,Evening,baseline,10,TZ_54,0.0557493505017,0.0022602039112826805,EC_001,2309.2403035998855,1
Evening_baseline_p10,Evening,baseline,10,TZ_55,0.555843904635,0.022535160607482854,SCH_0579,3128.467874116553,1
Evening_baseline_p10,Evening,baseline,10,TZ_61,0.676662066779,0.027433400321029415,SCH_0167,1841.87841910759,1
Evening_baseline_p10,Evening,baseline,10,TZ_62,0.48821683051,0.01979340709698648,SCH_0167,260.555364695544,1
Evening_baseline_p10,Evening,baseline,10,TZ_63,0.379013260074,0.01536604902367665,SCH_0268,3185.8765343528694,1
Evening_baseline_p10,Evening,baseline,10,TZ_65,0.878611260351,0.03562087431102503,EC_001,314.92400893536905,1
Evening_baseline_p10,Evening,baseline,10,TZ_66,0.726521849613,0.02945482792804119,EC_001,1259.176892070259,1
Evening_baseline_p10,Evening,baseline,10,TZ_67,0.00657225249643,0.0002664538808916792,SCH_0579,3224.5989233651903,1
Evening_baseline_p10,Evening,baseline,10,TZ_71,0.40734245204,0.016514578108030354,SCH_0403,2420.8538925105695,1
Evening_baseline_p10,Evening,baseline,10,TZ_72,0.0410311117275,0.0016634934465818436,SCH_0167,3201.902448059928,1
Evening_baseline_p10,Evening,baseline,10,TZ_76,0.494804105752,0.020060470033732444,SCH_0268,2269.508713284049,1
Evening_baseline_p10,Evening,baseline,10,TZ_77,0.350535050125,0.014211478415520484,SCH_0268,59.58324266803661,1
Evening_baseline_p10,Evening,baseline,10,TZ_80,0.481680200225,0.01952839742057213,SCH_0045,1879.118547074124,1
Evening_baseline_p10,Evening,baseline,10,TZ_85,0.351062969046,0.014232881434557412,SCH_0403,1238.0874778186546,1
Evening_baseline_p10,Evening,baseline,10,TZ_89,0.561611962605,0.02276901063563523,SCH_0403,891.043010797585,1
Evening_baseline_p10,Evening,baseline,10,TZ_91,0.0734171260775,0.002976495224109188,SCH_0403,4170.869266685587,1
Evening_baseline_p10,Evening,baseline,10,TZ_97,0.959698424913,0.03890833012617871,SCH_0042,1000.2824358269494,1
Evening_baseline_p10,Evening,baseline,10,TZ_106,0.406480999874,0.016479652901952538,SCH_0042,2253.3168289174414,1
Evening_baseline_p10,Evening,baseline,10,TZ_108,0.374930438972,0.01520052228406869,SCH_0579,1582.1252927240982,1
Evening_baseline_p10,Evening,baseline,10,TZ_111,0.0,0.0,SCH_0093,3595.2927961245487,1
Evening_baseline_p10,Evening,baseline,10,TZ_112,0.478278239958,0.019390474308781488,SCH_0045,2259.777691676152,1
Evening_baseline_p10,Evening,baseline,10,TZ_123,0.307205808231,0.01245481360919694,SCH_0405,2101.7464701327435,1
Evening_baseline_p10,Evening,baseline,10,TZ_133,0.398463743628,0.01615461532282573,SCH_0403,1479.53994558282,1
Evening_baseline_p10,Evening,baseline,10,TZ_149,0.422663565416,0.01713573046345707,SCH_0405,2002.5142525343415,1
Evening_baseline_p10,Evening,baseline,10,TZ_150,0.060359383141,0.002447104991003223,SCH_0405,1741.9913280302478,1
Evening_baseline_p10,Evening,baseline,10,TZ_154,0.0,0.0,SCH_0405,5668.809001333078,1
Evening_baseline_p10,Evening,baseline,10,TZ_155,0.0247608536081,0.0010038606309865248,SCH_0405,4558.101041961037,1
Evening_baseline_p10,Evening,baseline,10,TZ_165,0.406148018794,0.016466153100921203,SCH_0403,2909.277023990917,1
Evening_baseline_p10,Evening,baseline,10,TZ_177,0.462616799596,0.01875552433279148,SCH_0268,2432.6408613235426,1
Evening_baseline_p10,Evening,baseline,10,TZ_178,0.323456042905,0.013113634629332703,SCH_0579,2883.3309864351017,1
Evening_baseline_p10,Evening,baseline,10,TZ_181,0.735893720562,0.029834784630394524,SCH_0042,1567.836427708951,1
Evening_baseline_p10,Evening,baseline,10,TZ_188,0.558246728219,0.0226325764735657,SCH_0167,873.5273175133907,1
Evening_baseline_p10,Evening,baseline,10,TZ_189,0.558901643237,0.02265912819967408,SCH_0042,994.2354816070814,1
Evening_baseline_p10,Evening,baseline,10,TZ_190,0.351503207778,0.01425072970175712,SCH_0167,2367.7120948241663,1
Evening_baseline_p10,Evening,baseline,10,TZ_195,0.14807010515,0.006003094705002214,EC_001,3423.1710394407182,1
Evening_baseline_p10,Evening,baseline,10,TZ_210,0.551429241601,0.0223561802504626,SCH_0405,1119.1380039396304,1
Evening_baseline_p10,Evening,baseline,10,TZ_217,0.43146999879,0.017492763056253968,SCH_0045,1449.942753068302,1
Evening_baseline_p10,Evening,baseline,10,TZ_222,0.0128761736916,0.0005220290080190625,SCH_0268,2668.570573640279,1
Evening_baseline_p10,Evening,baseline,10,TZ_225,0.534533487601,0.02167118842667972,EC_025,570.5411811991813,1
Evening_baseline_p10,Evening,baseline,10,TZ_227,0.424602155966,0.017214325279433482,SCH_0093,501.2609879363857,1
Evening_baseline_p10,Evening,baseline,10,TZ_228,0.540377049207,0.021908099541855852,SCH_0093,1491.16718549741,1
Evening_baseline_p10,Evening,baseline,10,TZ_255,0.526088409606,0.021328805992739005,SCH_0045,663.8149098025127,1
Evening_baseline_p10,Evening,baseline,10,TZ_256,0.469496198196,0.019034430606731274,SCH_0045,561.5037768907587,1
Evening_baseline_p10,Evening,baseline,10,TZ_257,0.416487361636,0.016885333287260204,SCH_0403,2372.4253063422893,1
Evening_baseline_p15,Evening,baseline,15,TZ_11,0.0189328176123,0.0007675789589264758,SCH_0579,2463.0558240490673,1
Evening_baseline_p15,Evening,baseline,15,TZ_14,0.438210282103,0.017766029283933726,SCH_0082,3439.835660585177,1
Evening_baseline_p15,Evening,baseline,15,TZ_17,0.58839299127,0.023854773701788994,SCH_0012,2148.7716958601086,1
Evening_baseline_p15,Evening,baseline,15,TZ_21,0.404264042087,0.016389772452831016,SCH_0579,440.81245225615146,1
Evening_baseline_p15,Evening,baseline,15,TZ_22,0.4221000599,0.017112884683912897,SCH_0579,1693.8763347797883,1
Evening_baseline_p15,Evening,baseline,15,TZ_25,0.70722001852,0.02867228833361155,SCH_0036,1350.331285442876,1
Evening_baseline_p15,Evening,baseline,15,TZ_26,0.400559588191,0.0162395855697632,SCH_0306,1633.4744349348537,1
Evening_baseline_p15,Evening,baseline,15,TZ_29,0.458355200566,0.018582749534354487,SCH_0405,1685.4154549620475,1
Evening_baseline_p15,Evening,baseline,15,TZ_33,0.695874818992,0.028212328457546513,SCH_0036,966.9344869706408,1
Evening_baseline_p15,Evening,baseline,15,TZ_34,0.0509974486517,0.002067551135048563,SCH_0012,2474.6570514804926,1
Evening_baseline_p15,Evening,baseline,15,TZ_35,0.468166651372,0.01898052779163486,SCH_0582,218.34420512908065,1
Evening_baseline_p15,Evening,baseline,15,TZ_36,0.469448941464,0.01903251471265287,SCH_0466,553.3177224416928,1
Evening_baseline_p15,Evening,baseline,15,TZ_37,0.489301904449,0.01983739843211215,SCH_0466,450.9348439630932,1
Evening_baseline_p15,Evening,baseline,15,TZ_39,0.311386069923,0.012624290809225582,SCH_0582,3600.5138869422112,1
Evening_baseline_p15,Evening,baseline,15,TZ_40,0.504891615273,0.020469440331489907,SCH_0090,1314.361573604212,1
Evening_baseline_p15,Evening,baseline,15,TZ_49,0.656414337799,0.026612511901283754,SCH_0012,1043.2182469252123,1
Evening_baseline_p15,Evening,baseline,15,TZ_52,0.167398376563,0.006786706249403322,SCH_0036,1784.4410917232171,1
Evening_baseline_p15,Evening,baseline,15,TZ_54,0.0557493505017,0.0022602039112826805,SCH_0036,2523.2249188979094,1
Evening_baseline_p15,Evening,baseline,15,TZ_55,0.555843904635,0.022535160607482854,SCH_0380,319.7297071354047,1
Evening_baseline_p15,Evening,baseline,15,TZ_61,0.676662066779,0.027433400321029415,SCH_0167,1841.87841910759,1
Evening_baseline_p15,Evening,baseline,15,TZ_62,0.48821683051,0.01979340709698648,SCH_0167,260.555364695544,1
Evening_baseline_p15,Evening,baseline,15,TZ_63,0.379013260074,0.01536604902367665,SCH_0251,2371.8031457203374,1
Evening_baseline_p15,Evening,baseline,15,TZ_65,0.878611260351,0.03562087431102503,SCH_0036,103.53177463922457,1
Evening_baseline_p15,Evening,baseline,15,TZ_66,0.726521849613,0.02945482792804119,SCH_0036,1219.7666900649178,1
Evening_baseline_p15,Evening,baseline,15,TZ_67,0.00657225249643,0.0002664538808916792,SCH_0579,3224.5989233651903,1
Evening_baseline_p15,Evening,baseline,15,TZ_71,0.40734245204,0.016514578108030354,SCH_0567,1505.3691729808152,1
Evening_baseline_p15,Evening,baseline,15,TZ_72,0.0410311117275,0.0016634934465818436,SCH_0582,2188.6346144933664,1
Evening_baseline_p15,Evening,baseline,15,TZ_76,0.494804105752,0.020060470033732444,SCH_0251,941.4015858100771,1
Evening_baseline_p15,Evening,baseline,15,TZ_77,0.350535050125,0.014211478415520484,SCH_0582,1454.955086114032,1
Evening_baseline_p15,Evening,baseline,15,TZ_80,0.481680200225,0.01952839742057213,SCH_0045,1879.118547074124,1
Evening_baseline_p15,Evening,baseline,15,TZ_85,0.351062969046,0.014232881434557412,SCH_0567,970.2407879166396,1
Evening_baseline_p15,Evening,baseline,15,TZ_89,0.561611962605,0.02276901063563523,SCH_0567,1277.299230782636,1
Evening_baseline_p15,Evening,baseline,15,TZ_91,0.0734171260775,0.002976495224109188,SCH_0567,2756.2498857115447,1
Evening_baseline_p15,Evening,baseline,15,TZ_97,0.959698424913,0.03890833012617871,SCH_0012,549.1422999682692,1
Evening_baseline_p15,Evening,baseline,15,TZ_106,0.406480999874,0.016479652901952538,SCH_0090,649.4969212913327,1
Evening_baseline_p15,Evening,baseline,15,TZ_108,0.374930438972,0.01520052228406869,SCH_0579,1582.1252927240982,1
Evening_baseline_p15,Evening,baseline,15,TZ_111,0.0,0.0,SCH_0090,2848.1815011220315,1
Evening_baseline_p15,Evening,baseline,15,TZ_112,0.478278239958,0.019390474308781488,SCH_0045,2259.777691676152,1
Evening_baseline_p15,Evening,baseline,15,TZ_123,0.307205808231,0.01245481360919694,SCH_0405,2101.7464701327435,1
Evening_baseline_p15,Evening,baseline,15,TZ_133,0.398463743628,0.01615461532282573,SCH_0306,160.76951439588552,1
Evening_baseline_p15,Evening,baseline,15,TZ_149,0.422663565416,0.01713573046345707,SCH_0405,2002.5142525343415,1
Evening_baseline_p15,Evening,baseline,15,TZ_150,0.060359383141,0.002447104991003223,SCH_0405,1741.9913280302478,1
Evening_baseline_p15,Evening,baseline,15,TZ_154,0.0,0.0,SCH_0405,5668.809001333078,1
Evening_baseline_p15,Evening,baseline,15,TZ_155,0.0247608536081,0.0010038606309865248,SCH_0374,4485.3023994852465,1
Evening_baseline_p15,Evening,baseline,15,TZ_165,0.406148018794,0.016466153100921203,SCH_0374,470.05136923989215,1
Evening_baseline_p15,Evening,baseline,15,TZ_177,0.462616799596,0.01875552433279148,SCH_0582,1468.2201464823572,1
Evening_baseline_p15,Evening,baseline,15,TZ_178,0.323456042905,0.013113634629332703,SCH_0374,1111.5106728528804,1
Evening_baseline_p15,Evening,baseline,15,TZ_181,0.735893720562,0.029834784630394524,SCH_0090,534.584198747692,1
Evening_baseline_p15,Evening,baseline,15,TZ_188,0.558246728219,0.0226325764735657,SCH_0167,873.5273175133907,1
Evening_baseline_p15,Evening,baseline,15,TZ_189,0.558901643237,0.02265912819967408,SCH_0012,1656.8549970531392,1
Evening_baseline_p15,Evening,baseline,15,TZ_190,0.351503207778,0.01425072970175712,SCH_0167,2367.7120948241663,1
Evening_baseline_p15,Evening,baseline,15,TZ_195,0.14807010515,0.006003094705002214,SCH_0090,2613.71006525083,1
Evening_baseline_p15,Evening,baseline,15,TZ_210,0.551429241601,0.0223561802504626,SCH_0405,1119.1380039396304,1
Evening_baseline_p15,Evening,baseline,15,TZ_217,0.43146999879,0.017492763056253968,SCH_0045,1449.942753068302,1
Evening_baseline_p15,Evening,baseline,15,TZ_222,0.0128761736916,0.0005220290080190625,SCH_0251,2910.5568543033523,1
Evening_baseline_p15,Evening,baseline,15,TZ_225,0.534533487601,0.02167118842667972,SCH_0466,1794.6474719587206,1
Evening_baseline_p15,Evening,baseline,15,TZ_227,0.424602155966,0.017214325279433482,SCH_0082,1186.505168024612,1
Evening_baseline_p15,Evening,baseline,15,TZ_228,0.540377049207,0.021908099541855852,SCH_0082,726.5819460896416,1
Evening_baseline_p15,Evening,baseline,15,TZ_255,0.526088409606,0.021328805992739005,SCH_0045,663.8149098025127,1
Evening_baseline_p15,Evening,baseline,15,TZ_256,0.469496198196,0.019034430606731274,SCH_0045,561.5037768907587,1
Evening_baseline_p15,Evening,baseline,15,TZ_257,0.416487361636,0.016885333287260204,SCH_0306,1684.6400299796192,1
Evening_moderate_p5,Evening,moderate,5,TZ_11,0.0189328176123,0.0007675789589264758,SCH_0357,3907.447950600144,1
Evening_moderate_p5,Evening,moderate,5,TZ_14,0.438210282103,0.017766029283933726,SCH_0132,6080.365013134468,1
Evening_moderate_p5,Evening,moderate,5,TZ_17,0.58839299127,0.023854773701788994,SCH_0533,2119.7855457689698,1
Evening_moderate_p5,Evening,moderate,5,TZ_21,0.404264042087,0.016389772452831016,SCH_0357,1284.1163294941605,1
Evening_moderate_p5,Evening,moderate,5,TZ_22,0.4221000599,0.017112884683912897,SCH_0357,2683.739350860985,1
Evening_moderate_p5,Evening,moderate,5,TZ_25,0.70722001852,0.02867228833361155,SCH_0116,764.5266804506934,1
Evening_moderate_p5,Evening,moderate,5,TZ_26,0.400559588191,0.0162395855697632,SCH_0132,2509.960083366844,1
Evening_moderate_p5,Evening,moderate,5,TZ_29,0.458355200566,0.018582749534354487,SCH_0357,3098.7981735533376,1
Evening_moderate_p5,Evening,moderate,5,TZ_33,0.695874818992,0.028212328457546513,SCH_0116,1854.1195498975144,1
Evening_moderate_p5,Evening,moderate,5,TZ_34,0.0509974486517,0.002067551135048563,SCH_0116,3354.1090471960383,1
Evening_moderate_p5,Evening,moderate,5,TZ_35,0.468166651372,0.01898052779163486,SCH_0582,218.34420512908065,1
Evening_moderate_p5,Evening,moderate,5,TZ_36,0.469448941464,0.01903251471265287,SCH_0533,2742.504372136873,1
Evening_moderate_p5,Evening,moderate,5,TZ_37,0.489301904449,0.01983739843211215,SCH_0533,2844.7508780800445,1
Evening_moderate_p5,Evening,moderate,5,TZ_39,0.311386069923,0.012624290809225582,SCH_0582,3600.5138869422112,1
Evening_moderate_p5,Evening,moderate,5,TZ_40,0.504891615273,0.020469440331489907,SCH_0116,2151.4870387310366,1
Evening_moderate_p5,Evening,moderate,5,TZ_49,0.656414337799,0.026612511901283754,SCH_0116,1585.4566212473037,1
Evening_moderate_p5,Evening,moderate,5,TZ_52,0.167398376563,0.006786706249403322,SCH_0116,1977.787861387548,1
Evening_moderate_p5,Evening,moderate,5,TZ_54,0.0557493505017,0.0022602039112826805,SCH_0116,2713.191987597713,1
Evening_moderate_p5,Evening,moderate,5,TZ_55,0.555843904635,0.022535160607482854,SCH_0357,4091.8120864393486,1
Evening_moderate_p5,Evening,moderate,5,TZ_61,0.676662066779,0.027433400321029415,SCH_0582,3158.3944848433093,1
Evening_moderate_p5,Evening,moderate,5,TZ_62,0.48821683051,0.01979340709698648,SCH_0582,3550.6845109919327,1
Evening_moderate_p5,Evening,moderate,5,TZ_63,0.379013260074,0.01536604902367665,SCH_0582,3975.967615478892,1
Evening_moderate_p5,Evening,moderate,5,TZ_65,0.878611260351,0.03562087431102503,SCH_0116,1243.912291568525,1
Evening_moderate_p5,Evening,moderate,5,TZ_66,0.726521849613,0.02945482792804119,SCH_0116,2076.5675408886545,1
Evening_moderate_p5,Evening,moderate,5,TZ_67,0.00657225249643,0.0002664538808916792,SCH_0357,4480.374865541688,1
Evening_moderate_p5,Evening,moderate,5,TZ_71,0.40734245204,0.016514578108030354,SCH_0132,3589.292482997993,1
Evening_moderate_p5,Evening,moderate,5,TZ_72,0.0410311117275,0.0016634934465818436,SCH_0582,2188.6346144933664,1
Evening_moderate_p5,Evening,moderate,5,TZ_76,0.494804105752,0.020060470033732444,SCH_0582,3663.2704113862337,1
Evening_moderate_p5,Evening,moderate,5,TZ_77,0.350535050125,0.014211478415520484,SCH_0582,1454.955086114032,1
Evening_moderate_p5,Evening,moderate,5,TZ_80,0.481680200225,0.01952839742057213,SCH_0533,1686.7063087359743,1
Evening_moderate_p5,Evening,moderate,5,TZ_85,0.351062969046,0.014232881434557412,SCH_0132,2406.5260683060765,1
Evening_moderate_p5,Evening,moderate,5,TZ_89,0.561611962605,0.02276901063563523,SCH_0132,2092.7827350331368,1
Evening_moderate_p5,Evening,moderate,5,TZ_91,0.0734171260775,0.002976495224109188,SCH_0357,4673.827632168381,1
Evening_moderate_p5,Evening,moderate,5,TZ_97,0.959698424913,0.03890833012617871,SCH_0116,870.0874794088285,1
Evening_moderate_p5,Evening,moderate,5,TZ_106,0.406480999874,0.016479652901952538,SCH_0116,1821.0395968472096,1
Evening_moderate_p5,Evening,moderate,5,TZ_108,0.374930438972,0.01520052228406869,SCH_0357,2410.658431786473,1
Evening_moderate_p5,Evening,moderate,5,TZ_111,0.0,0.0,SCH_0132,2926.3822676252353,1
Evening_moderate_p5,Evening,moderate,5,TZ_112,0.478278239958,0.019390474308781488,SCH_0533,2881.539711089265,1
Evening_moderate_p5,Evening,moderate,5,TZ_123,0.307205808231,0.01245481360919694,SCH_0357,905.9193680109821,1
Evening_moderate_p5,Evening,moderate,5,TZ_133,0.398463743628,0.01615461532282573,SCH_0132,985.9043395204304,1
Evening_moderate_p5,Evening,moderate,5,TZ_149,0.422663565416,0.01713573046345707,SCH_0357,2074.7360365797304,1
Evening_moderate_p5,Evening,moderate,5,TZ_150,0.060359383141,0.002447104991003223,SCH_0357,4109.905698765674,1
Evening_moderate_p5,Evening,moderate,5,TZ_154,0.0,0.0,SCH_0357,7261.292043996438,1
Evening_moderate_p5,Evening,moderate,5,TZ_155,0.0247608536081,0.0010038606309865248,SCH_0357,5486.857608601729,1
Evening_moderate_p5,Evening,moderate,5,TZ_165,0.406148018794,0.016466153100921203,SCH_0357,2960.074402712799,1
Evening_moderate_p5,Evening,moderate,5,TZ_177,0.462616799596,0.01875552433279148,SCH_0582,1468.2201464823572,1
Evening_moderate_p5,Evening,moderate,5,TZ_178,0.323456042905,0.013113634629332703,SCH_0357,1822.4223920544073,1
Evening_moderate_p5,Evening,moderate,5,TZ_181,0.735893720562,0.029834784630394524,SCH_0116,2132.914096990705,1
Evening_moderate_p5,Evening,moderate,5,TZ_188,0.558246728219,0.0226325764735657,SCH_0132,2913.3230224198387,1
Evening_moderate_p5,Evening,moderate,5,TZ_189,0.558901643237,0.02265912819967408,SCH_0116,1559.3131508888353,1
Evening_moderate_p5,Evening,moderate,5,TZ_190,0.351503207778,0.01425072970175712,SCH_0132,2065.6955270321337,1
Evening_moderate_p5,Evening,moderate,5,TZ_195,0.14807010515,0.006003094705002214,SCH_0116,3677.638991637205,1
Evening_moderate_p5,Evening,moderate,5,TZ_210,0.551429241601,0.0223561802504626,SCH_0357,3779.83300961842,1
Evening_moderate_p5,Evening,moderate,5,TZ_217,0.43146999879,0.017492763056253968,SCH_0533,1453.4494995573336,1
Evening_moderate_p5,Evening,moderate,5,TZ_222,0.0128761736916,0.0005220290080190625,SCH_0582,4052.0317635030024,1
Evening_moderate_p5,Evening,moderate,5,TZ_225,0.534533487601,0.02167118842667972,SCH_0533,2620.366477602173,1
Evening_moderate_p5,Evening,moderate,5,TZ_227,0.424602155966,0.017214325279433482,SCH_0132,3220.4609501542195,1
Evening_moderate_p5,Evening,moderate,5,TZ_228,0.540377049207,0.021908099541855852,SCH_0132,3888.723964504374,1
Evening_moderate_p5,Evening,moderate,5,TZ_255,0.526088409606,0.021328805992739005,SCH_0533,2129.517742577107,1
Evening_moderate_p5,Evening,moderate,5,TZ_256,0.469496198196,0.019034430606731274,SCH_0533,1608.3909674893885,1
Evening_moderate_p5,Evening,moderate,5,TZ_257,0.416487361636,0.016885333287260204,SCH_0132,1086.9426368771035,1
Evening_moderate_p10,Evening,moderate,10,TZ_11,0.0189328176123,0.0007675789589264758,SCH_0579,2463.0558240490673,1
Evening_moderate_p10,Evening,moderate,10,TZ_14,0.438210282103,0.017766029283933726,SCH_0093,3413.6434781361127,1
Evening_moderate_p10,Evening,moderate,10,TZ_17,0.58839299127,0.023854773701788994,EC_025,1906.8598141468449,1
Evening_moderate_p10,Evening,moderate,10,TZ_21,0.404264042087,0.016389772452831016,SCH_0579,440.81245225615146,1
Evening_moderate_p10,Evening,moderate,10,TZ_22,0.4221000599,0.017112884683912897,SCH_0579,1693.8763347797883,1
Evening_moderate_p10,Evening,moderate,10,TZ_25,0.70722001852,0.02867228833361155,SCH_0042,1213.5859940431524,1
Evening_moderate_p10,Evening,moderate,10,TZ_26,0.400559588191,0.0162395855697632,SCH_0093,2234.1521761546614,1
Evening_moderate_p10,Evening,moderate,10,TZ_29,0.458355200566,0.018582749534354487,SCH_0396,2595.2096456819245,1
Evening_moderate_p10,Evening,moderate,10,TZ_33,0.695874818992,0.028212328457546513,EC_001,752.949871672617,1
Evening_moderate_p10,Evening,moderate,10,TZ_34,0.0509974486517,0.002067551135048563,EC_001,3105.7655543488554,1
Evening_moderate_p10,Evening,moderate,10,TZ_35,0.468166651372,0.01898052779163486,SCH_0268,1378.0838385377835,1
Evening_moderate_p10,Evening,moderate,10,TZ_36,0.469448941464,0.01903251471265287,EC_025,1757.9598754758179,1
Evening_moderate_p10,Evening,moderate,10,TZ_37,0.489301904449,0.01983739843211215,EC_025,1261.134795709334,1
Evening_moderate_p10,Evening,moderate,10,TZ_39,0.311386069923,0.012624290809225582,SCH_0268,3902.4608401103274,1
Evening_moderate_p10,Evening,moderate,10,TZ_40,0.504891615273,0.020469440331489907,EC_001,2023.9511156629512,1
Evening_moderate_p10,Evening,moderate,10,TZ_49,0.656414337799,0.026612511901283754,SCH_0042,1538.5484639685603,1
Evening_moderate_p10,Evening,moderate,10,TZ_52,0.167398376563,0.006786706249403322,EC_001,1570.4564764251932,1
Evening_moderate_p10,Evening,moderate,10,TZ_54,0.0557493505017,0.0022602039112826805,EC_001,2309.2403035998855,1
Evening_moderate_p10,Evening,moderate,10,TZ_55,0.555843904635,0.022535160607482854,SCH_0579,3128.467874116553,1
Evening_moderate_p10,Evening,moderate,10,TZ_61,0.676662066779,0.027433400321029415,SCH_0167,1841.87841910759,1
Evening_moderate_p10,Evening,moderate,10,TZ_62,0.48821683051,0.01979340709698648,SCH_0167,260.555364695544,1
Evening_moderate_p10,Evening,moderate,10,TZ_63,0.379013260074,0.01536604902367665,SCH_0268,3185.8765343528694,1
Evening_moderate_p10,Evening,moderate,10,TZ_65,0.878611260351,0.03562087431102503,EC_001,314.92400893536905,1
Evening_moderate_p10,Evening,moderate,10,TZ_66,0.726521849613,0.02945482792804119,EC_001,1259.176892070259,1
Evening_moderate_p10,Evening,moderate,10,TZ_67,0.00657225249643,0.0002664538808916792,SCH_0579,3224.5989233651903,1
Evening_moderate_p10,Evening,moderate,10,TZ_71,0.40734245204,0.016514578108030354,SCH_0403,2420.8538925105695,1
Evening_moderate_p10,Evening,moderate,10,TZ_72,0.0410311117275,0.0016634934465818436,SCH_0167,3201.902448059928,1
Evening_moderate_p10,Evening,moderate,10,TZ_76,0.494804105752,0.020060470033732444,SCH_0268,2269.508713284049,1
Evening_moderate_p10,Evening,moderate,10,TZ_77,0.350535050125,0.014211478415520484,SCH_0268,59.58324266803661,1
Evening_moderate_p10,Evening,moderate,10,TZ_80,0.481680200225,0.01952839742057213,SCH_0045,1879.118547074124,1
Evening_moderate_p10,Evening,moderate,10,TZ_85,0.351062969046,0.014232881434557412,SCH_0403,1238.0874778186546,1
Evening_moderate_p10,Evening,moderate,10,TZ_89,0.561611962605,0.02276901063563523,SCH_0403,891.043010797585,1
Evening_moderate_p10,Evening,moderate,10,TZ_91,0.0734171260775,0.002976495224109188,SCH_0403,4170.869266685587,1
Evening_moderate_p10,Evening,moderate,10,TZ_97,0.959698424913,0.03890833012617871,SCH_0042,1000.2824358269494,1
Evening_moderate_p10,Evening,moderate,10,TZ_106,0.406480999874,0.016479652901952538,SCH_0042,2253.3168289174414,1
Evening_moderate_p10,Evening,moderate,10,TZ_108,0.374930438972,0.01520052228406869,SCH_0579,1582.1252927240982,1
Evening_moderate_p10,Evening,moderate,10,TZ_111,0.0,0.0,SCH_0093,3595.2927961245487,1
Evening_moderate_p10,Evening,moderate,10,TZ_112,0.478278239958,0.019390474308781488,SCH_0045,2259.777691676152,1
Evening_moderate_p10,Evening,moderate,10,TZ_123,0.307205808231,0.01245481360919694,SCH_0396,1865.7929203012293,1
Evening_moderate_p10,Evening,moderate,10,TZ_133,0.398463743628,0.01615461532282573,SCH_0403,1479.53994558282,1
Evening_moderate_p10,Evening,moderate,10,TZ_149,0.422663565416,0.01713573046345707,SCH_0396,1017.3327454713084,1
Evening_moderate_p10,Evening,moderate,10,TZ_150,0.060359383141,0.002447104991003223,SCH_0396,2538.4032981096248,1
Evening_moderate_p10,Evening,moderate,10,TZ_154,0.0,0.0,SCH_0396,5281.034875007544,1
Evening_moderate_p10,Evening,moderate,10,TZ_155,0.0247608536081,0.0010038606309865248,SCH_0396,3572.9195348980024,1
Evening_moderate_p10,Evening,moderate,10,TZ_165,0.406148018794,0.016466153100921203,SCH_0403,2909.277023990917,1
Evening_moderate_p10,Evening,moderate,10,TZ_177,0.462616799596,0.01875552433279148,SCH_0268,2432.6408613235426,1
Evening_moderate_p10,Evening,moderate,10,TZ_178,0.323456042905,0.013113634629332703,SCH_0579,2883.3309864351017,1
Evening_moderate_p10,Evening,moderate,10,TZ_181,0.735893720562,0.029834784630394524,SCH_0042,1567.836427708951,1
Evening_moderate_p10,Evening,moderate,10,TZ_188,0.558246728219,0.0226325764735657,SCH_0167,873.5273175133907,1
Evening_moderate_p10,Evening,moderate,10,TZ_189,0.558901643237,0.02265912819967408,SCH_0042,994.2354816070814,1
Evening_moderate_p10,Evening,moderate,10,TZ_190,0.351503207778,0.01425072970175712,SCH_0167,2367.7120948241663,1
Evening_moderate_p10,Evening,moderate,10,TZ_195,0.14807010515,0.006003094705002214,EC_001,3423.1710394407182,1
Evening_moderate_p10,Evening,moderate,10,TZ_210,0.551429241601,0.0223561802504626,SCH_0396,1484.9794134726133,1
Evening_moderate_p10,Evening,moderate,10,TZ_217,0.43146999879,0.017492763056253968,SCH_0045,1449.942753068302,1
Evening_moderate_p10,Evening,moderate,10,TZ_222,0.0128761736916,0.0005220290080190625,SCH_0268,2668.570573640279,1
Evening_moderate_p10,Evening,moderate,10,TZ_225,0.534533487601,0.02167118842667972,EC_025,570.5411811991813,1
Evening_moderate_p10,Evening,moderate,10,TZ_227,0.424602155966,0.017214325279433482,SCH_0093,501.2609879363857,1
Evening_moderate_p10,Evening,moderate,10,TZ_228,0.540377049207,0.021908099541855852,SCH_0093,1491.16718549741,1
Evening_moderate_p10,Evening,moderate,10,TZ_255,0.526088409606,0.021328805992739005,SCH_0045,663.8149098025127,1
Evening_moderate_p10,Evening,moderate,10,TZ_256,0.469496198196,0.019034430606731274,SCH_0045,561.5037768907587,1
Evening_moderate_p10,Evening,moderate,10,TZ_257,0.416487361636,0.016885333287260204,SCH_0403,2372.4253063422893,1
Evening_moderate_p15,Evening,moderate,15,TZ_11,0.0189328176123,0.0007675789589264758,SCH_0579,2463.0558240490673,1
Evening_moderate_p15,Evening,moderate,15,TZ_14,0.438210282103,0.017766029283933726,SCH_0308,610.2171170814876,1
Evening_moderate_p15,Evening,moderate,15,TZ_17,0.58839299127,0.023854773701788994,SCH_0012,2148.7716958601086,1
Evening_moderate_p15,Evening,moderate,15,TZ_21,0.404264042087,0.016389772452831016,SCH_0579,440.81245225615146,1
Evening_moderate_p15,Evening,moderate,15,TZ_22,0.4221000599,0.017112884683912897,SCH_0579,1693.8763347797883,1
Evening_moderate_p15,Evening,moderate,15,TZ_25,0.70722001852,0.02867228833361155,SCH_0036,1350.331285442876,1
Evening_moderate_p15,Evening,moderate,15,TZ_26,0.400559588191,0.0162395855697632,SCH_0306,1633.4744349348537,1
Evening_moderate_p15,Evening,moderate,15,TZ_29,0.458355200566,0.018582749534354487,SCH_0396,2595.2096456819245,1
Evening_moderate_p15,Evening,moderate,15,TZ_33,0.695874818992,0.028212328457546513,SCH_0036,966.9344869706408,1
Evening_moderate_p15,Evening,moderate,15,TZ_34,0.0509974486517,0.002067551135048563,SCH_0012,2474.6570514804926,1
Evening_moderate_p15,Evening,moderate,15,TZ_35,0.468166651372,0.01898052779163486,SCH_0582,218.34420512908065,1
Evening_moderate_p15,Evening,moderate,15,TZ_36,0.469448941464,0.01903251471265287,SCH_0466,553.3177224416928,1
Evening_moderate_p15,Evening,moderate,15,TZ_37,0.489301904449,0.01983739843211215,SCH_0466,450.9348439630932,1
Evening_moderate_p15,Evening,moderate,15,TZ_39,0.311386069923,0.012624290809225582,SCH_0582,3600.5138869422112,1
Evening_moderate_p15,Evening,moderate,15,TZ_40,0.504891615273,0.020469440331489907,SCH_0090,1314.361573604212,1
Evening_moderate_p15,Evening,moderate,15,TZ_49,0.656414337799,0.026612511901283754,SCH_0012,1043.2182469252123,1
Evening_moderate_p15,Evening,moderate,15,TZ_52,0.167398376563,0.006786706249403322,SCH_0036,1784.4410917232171,1
Evening_moderate_p15,Evening,moderate,15,TZ_54,0.0557493505017,0.0022602039112826805,SCH_0036,2523.2249188979094,1
Evening_moderate_p15,Evening,moderate,15,TZ_55,0.555843904635,0.022535160607482854,SCH_0579,3128.467874116553,1
Evening_moderate_p15,Evening,moderate,15,TZ_61,0.676662066779,0.027433400321029415,SCH_0167,1841.87841910759,1
Evening_moderate_p15,Evening,moderate,15,TZ_62,0.48821683051,0.01979340709698648,SCH_0167,260.555364695544,1
Evening_moderate_p15,Evening,moderate,15,TZ_63,0.379013260074,0.01536604902367665,SCH_0251,2371.8031457203374,1
Evening_moderate_p15,Evening,moderate,15,TZ_65,0.878611260351,0.03562087431102503,SCH_0036,103.53177463922457,1
Evening_moderate_p15,Evening,moderate,15,TZ_66,0.726521849613,0.02945482792804119,SCH_0036,1219.7666900649178,1
Evening_moderate_p15,Evening,moderate,15,TZ_67,0.00657225249643,0.0002664538808916792,SCH_0308,2159.4808420986265,1
Evening_moderate_p15,Evening,moderate,15,TZ_71,0.40734245204,0.016514578108030354,SCH_0567,1505.3691729808152,1
Evening_moderate_p15,Evening,moderate,15,TZ_72,0.0410311117275,0.0016634934465818436,SCH_0582,2188.6346144933664,1
Evening_moderate_p15,Evening,moderate,15,TZ_76,0.494804105752,0.020060470033732444,SCH_0251,941.4015858100771,1
Evening_moderate_p15,Evening,moderate,15,TZ_77,0.350535050125,0.014211478415520484,SCH_0582,1454.955086114032,1
Evening_moderate_p15,Evening,moderate,15,TZ_80,0.481680200225,0.01952839742057213,SCH_0045,1879.118547074124,1
Evening_moderate_p15,Evening,moderate,15,TZ_85,0.351062969046,0.014232881434557412,SCH_0567,970.2407879166396,1
Evening_moderate_p15,Evening,moderate,15,TZ_89,0.561611962605,0.02276901063563523,SCH_0567,1277.299230782636,1
Evening_moderate_p15,Evening,moderate,15,TZ_91,0.0734171260775,0.002976495224109188,SCH_0567,2756.2498857115447,1
Evening_moderate_p15,Evening,moderate,15,TZ_97,0.959698424913,0.03890833012617871,SCH_0012,549.1422999682692,1
Evening_moderate_p15,Evening,moderate,15,TZ_106,0.406480999874,0.016479652901952538,SCH_0090,649.4969212913327,1
Evening_moderate_p15,Evening,moderate,15,TZ_108,0.374930438972,0.01520052228406869,SCH_0579,1582.1252927240982,1
Evening_moderate_p15,Evening,moderate,15,TZ_111,0.0,0.0,SCH_0090,2848.1815011220315,1
Evening_moderate_p15,Evening,moderate,15,TZ_112,0.478278239958,0.019390474308781488,SCH_0045,2259.777691676152,1
Evening_moderate_p15,Evening,moderate,15,TZ_123,0.307205808231,0.01245481360919694,SCH_0396,1865.7929203012293,1
Evening_moderate_p15,Evening,moderate,15,TZ_133,0.398463743628,0.01615461532282573,SCH_0306,160.76951439588552,1
Evening_moderate_p15,Evening,moderate,15,TZ_149,0.422663565416,0.01713573046345707,SCH_0396,1017.3327454713084,1
Evening_moderate_p15,Evening,moderate,15,TZ_150,0.060359383141,0.002447104991003223,SCH_0396,2538.4032981096248,1
Evening_moderate_p15,Evening,moderate,15,TZ_154,0.0,0.0,SCH_0396,5281.034875007544,1
Evening_moderate_p15,Evening,moderate,15,TZ_155,0.0247608536081,0.0010038606309865248,SCH_0396,3572.9195348980024,1
Evening_moderate_p15,Evening,moderate,15,TZ_165,0.406148018794,0.016466153100921203,SCH_0374,470.05136923989215,1
Evening_moderate_p15,Evening,moderate,15,TZ_177,0.462616799596,0.01875552433279148,SCH_0582,1468.2201464823572,1
Evening_moderate_p15,Evening,moderate,15,TZ_178,0.323456042905,0.013113634629332703,SCH_0374,1111.5106728528804,1
Evening_moderate_p15,Evening,moderate,15,TZ_181,0.735893720562,0.029834784630394524,SCH_0090,534.584198747692,1
Evening_moderate_p15,Evening,moderate,15,TZ_188,0.558246728219,0.0226325764735657,SCH_0167,873.5273175133907,1
Evening_moderate_p15,Evening,moderate,15,TZ_189,0.558901643237,0.02265912819967408,SCH_0012,1656.8549970531392,1
Evening_moderate_p15,Evening,moderate,15,TZ_190,0.351503207778,0.01425072970175712,SCH_0167,2367.7120948241663,1
Evening_moderate_p15,Evening,moderate,15,TZ_195,0.14807010515,0.006003094705002214,SCH_0090,2613.71006525083,1
Evening_moderate_p15,Evening,moderate,15,TZ_210,0.551429241601,0.0223561802504626,SCH_0396,1484.9794134726133,1
Evening_moderate_p15,Evening,moderate,15,TZ_217,0.43146999879,0.017492763056253968,SCH_0045,1449.942753068302,1
Evening_moderate_p15,Evening,moderate,15,TZ_222,0.0128761736916,0.0005220290080190625,SCH_0251,2910.5568543033523,1
Evening_moderate_p15,Evening,moderate,15,TZ_225,0.534533487601,0.02167118842667972,SCH_0466,1794.6474719587206,1
Evening_moderate_p15,Evening,moderate,15,TZ_227,0.424602155966,0.017214325279433482,SCH_0121,1443.4287973849025,1
Evening_moderate_p15,Evening,moderate,15,TZ_228,0.540377049207,0.021908099541855852,SCH_0121,352.09164284343274,1
Evening_moderate_p15,Evening,moderate,15,TZ_255,0.526088409606,0.021328805992739005,SCH_0045,663.8149098025127,1
Evening_moderate_p15,Evening,moderate,15,TZ_256,0.469496198196,0.019034430606731274,SCH_0045,561.5037768907587,1
Evening_moderate_p15,Evening,moderate,15,TZ_257,0.416487361636,0.016885333287260204,SCH_0306,1684.6400299796192,1
Evening_strict_p5,Evening,strict,5,TZ_11,0.0189328176123,0.0007675789589264758,SCH_0357,3907.447950600144,1
Evening_strict_p5,Evening,strict,5,TZ_14,0.438210282103,0.017766029283933726,SCH_0132,6080.365013134468,1
Evening_strict_p5,Evening,strict,5,TZ_17,0.58839299127,0.023854773701788994,SCH_0533,2119.7855457689698,1
Evening_strict_p5,Evening,strict,5,TZ_21,0.404264042087,0.016389772452831016,SCH_0357,1284.1163294941605,1
Evening_strict_p5,Evening,strict,5,TZ_22,0.4221000599,0.017112884683912897,SCH_0357,2683.739350860985,1
Evening_strict_p5,Evening,strict,5,TZ_25,0.70722001852,0.02867228833361155,SCH_0116,764.5266804506934,1
Evening_strict_p5,Evening,strict,5,TZ_26,0.400559588191,0.0162395855697632,SCH_0132,2509.960083366844,1
Evening_strict_p5,Evening,strict,5,TZ_29,0.458355200566,0.018582749534354487,SCH_0357,3098.7981735533376,1
Evening_strict_p5,Evening,strict,5,TZ_33,0.695874818992,0.028212328457546513,SCH_0116,1854.1195498975144,1
Evening_strict_p5,Evening,strict,5,TZ_34,0.0509974486517,0.002067551135048563,SCH_0116,3354.1090471960383,1
Evening_strict_p5,Evening,strict,5,TZ_35,0.468166651372,0.01898052779163486,SCH_0582,218.34420512908065,1
Evening_strict_p5,Evening,strict,5,TZ_36,0.469448941464,0.01903251471265287,SCH_0533,2742.504372136873,1
Evening_strict_p5,Evening,strict,5,TZ_37,0.489301904449,0.01983739843211215,SCH_0533,2844.7508780800445,1
Evening_strict_p5,Evening,strict,5,TZ_39,0.311386069923,0.012624290809225582,SCH_0582,3600.5138869422112,1
Evening_strict_p5,Evening,strict,5,TZ_40,0.504891615273,0.020469440331489907,SCH_0116,2151.4870387310366,1
Evening_strict_p5,Evening,strict,5,TZ_49,0.656414337799,0.026612511901283754,SCH_0116,1585.4566212473037,1
Evening_strict_p5,Evening,strict,5,TZ_52,0.167398376563,0.006786706249403322,SCH_0116,1977.787861387548,1
Evening_strict_p5,Evening,strict,5,TZ_54,0.0557493505017,0.0022602039112826805,SCH_0116,2713.191987597713,1
Evening_strict_p5,Evening,strict,5,TZ_55,0.555843904635,0.022535160607482854,SCH_0357,4091.8120864393486,1
Evening_strict_p5,Evening,strict,5,TZ_61,0.676662066779,0.027433400321029415,SCH_0582,3158.3944848433093,1
Evening_strict_p5,Evening,strict,5,TZ_62,0.48821683051,0.01979340709698648,SCH_0582,3550.6845109919327,1
Evening_strict_p5,Evening,strict,5,TZ_63,0.379013260074,0.01536604902367665,SCH_0582,3975.967615478892,1
Evening_strict_p5,Evening,strict,5,TZ_65,0.878611260351,0.03562087431102503,SCH_0116,1243.912291568525,1
Evening_strict_p5,Evening,strict,5,TZ_66,0.726521849613,0.02945482792804119,SCH_0116,2076.5675408886545,1
Evening_strict_p5,Evening,strict,5,TZ_67,0.00657225249643,0.0002664538808916792,SCH_0357,4480.374865541688,1
Evening_strict_p5,Evening,strict,5,TZ_71,0.40734245204,0.016514578108030354,SCH_0132,3589.292482997993,1
Evening_strict_p5,Evening,strict,5,TZ_72,0.0410311117275,0.0016634934465818436,SCH_0582,2188.6346144933664,1
Evening_strict_p5,Evening,strict,5,TZ_76,0.494804105752,0.020060470033732444,SCH_0582,3663.2704113862337,1
Evening_strict_p5,Evening,strict,5,TZ_77,0.350535050125,0.014211478415520484,SCH_0582,1454.955086114032,1
Evening_strict_p5,Evening,strict,5,TZ_80,0.481680200225,0.01952839742057213,SCH_0533,1686.7063087359743,1
Evening_strict_p5,Evening,strict,5,TZ_85,0.351062969046,0.014232881434557412,SCH_0132,2406.5260683060765,1
Evening_strict_p5,Evening,strict,5,TZ_89,0.561611962605,0.02276901063563523,SCH_0132,2092.7827350331368,1
Evening_strict_p5,Evening,strict,5,TZ_91,0.0734171260775,0.002976495224109188,SCH_0357,4673.827632168381,1
Evening_strict_p5,Evening,strict,5,TZ_97,0.959698424913,0.03890833012617871,SCH_0116,870.0874794088285,1
Evening_strict_p5,Evening,strict,5,TZ_106,0.406480999874,0.016479652901952538,SCH_0116,1821.0395968472096,1
Evening_strict_p5,Evening,strict,5,TZ_108,0.374930438972,0.01520052228406869,SCH_0357,2410.658431786473,1
Evening_strict_p5,Evening,strict,5,TZ_111,0.0,0.0,SCH_0132,2926.3822676252353,1
Evening_strict_p5,Evening,strict,5,TZ_112,0.478278239958,0.019390474308781488,SCH_0533,2881.539711089265,1
Evening_strict_p5,Evening,strict,5,TZ_123,0.307205808231,0.01245481360919694,SCH_0357,905.9193680109821,1
Evening_strict_p5,Evening,strict,5,TZ_133,0.398463743628,0.01615461532282573,SCH_0132,985.9043395204304,1
Evening_strict_p5,Evening,strict,5,TZ_149,0.422663565416,0.01713573046345707,SCH_0357,2074.7360365797304,1
Evening_strict_p5,Evening,strict,5,TZ_150,0.060359383141,0.002447104991003223,SCH_0357,4109.905698765674,1
Evening_strict_p5,Evening,strict,5,TZ_154,0.0,0.0,SCH_0357,7261.292043996438,1
Evening_strict_p5,Evening,strict,5,TZ_155,0.0247608536081,0.0010038606309865248,SCH_0357,5486.857608601729,1
Evening_strict_p5,Evening,strict,5,TZ_165,0.406148018794,0.016466153100921203,SCH_0357,2960.074402712799,1
Evening_strict_p5,Evening,strict,5,TZ_177,0.462616799596,0.01875552433279148,SCH_0582,1468.2201464823572,1
Evening_strict_p5,Evening,strict,5,TZ_178,0.323456042905,0.013113634629332703,SCH_0357,1822.4223920544073,1
Evening_strict_p5,Evening,strict,5,TZ_181,0.735893720562,0.029834784630394524,SCH_0116,2132.914096990705,1
Evening_strict_p5,Evening,strict,5,TZ_188,0.558246728219,0.0226325764735657,SCH_0132,2913.3230224198387,1
Evening_strict_p5,Evening,strict,5,TZ_189,0.558901643237,0.02265912819967408,SCH_0116,1559.3131508888353,1
Evening_strict_p5,Evening,strict,5,TZ_190,0.351503207778,0.01425072970175712,SCH_0132,2065.6955270321337,1
Evening_strict_p5,Evening,strict,5,TZ_195,0.14807010515,0.006003094705002214,SCH_0116,3677.638991637205,1
Evening_strict_p5,Evening,strict,5,TZ_210,0.551429241601,0.0223561802504626,SCH_0357,3779.83300961842,1
Evening_strict_p5,Evening,strict,5,TZ_217,0.43146999879,0.017492763056253968,SCH_0533,1453.4494995573336,1
Evening_strict_p5,Evening,strict,5,TZ_222,0.0128761736916,0.0005220290080190625,SCH_0582,4052.0317635030024,1
Evening_strict_p5,Evening,strict,5,TZ_225,0.534533487601,0.02167118842667972,SCH_0533,2620.366477602173,1
Evening_strict_p5,Evening,strict,5,TZ_227,0.424602155966,0.017214325279433482,SCH_0132,3220.4609501542195,1
Evening_strict_p5,Evening,strict,5,TZ_228,0.540377049207,0.021908099541855852,SCH_0132,3888.723964504374,1
Evening_strict_p5,Evening,strict,5,TZ_255,0.526088409606,0.021328805992739005,SCH_0533,2129.517742577107,1
Evening_strict_p5,Evening,strict,5,TZ_256,0.469496198196,0.019034430606731274,SCH_0533,1608.3909674893885,1
Evening_strict_p5,Evening,strict,5,TZ_257,0.416487361636,0.016885333287260204,SCH_0132,1086.9426368771035,1
Evening_strict_p10,Evening,strict,10,TZ_11,0.0189328176123,0.0007675789589264758,SCH_0579,2463.0558240490673,1
Evening_strict_p10,Evening,strict,10,TZ_14,0.438210282103,0.017766029283933726,SCH_0093,3413.6434781361127,1
Evening_strict_p10,Evening,strict,10,TZ_17,0.58839299127,0.023854773701788994,EC_025,1906.8598141468449,1
Evening_strict_p10,Evening,strict,10,TZ_21,0.404264042087,0.016389772452831016,SCH_0579,440.81245225615146,1
Evening_strict_p10,Evening,strict,10,TZ_22,0.4221000599,0.017112884683912897,SCH_0579,1693.8763347797883,1
Evening_strict_p10,Evening,strict,10,TZ_25,0.70722001852,0.02867228833361155,SCH_0042,1213.5859940431524,1
Evening_strict_p10,Evening,strict,10,TZ_26,0.400559588191,0.0162395855697632,SCH_0093,2234.1521761546614,1
Evening_strict_p10,Evening,strict,10,TZ_29,0.458355200566,0.018582749534354487,SCH_0396,2595.2096456819245,1
Evening_strict_p10,Evening,strict,10,TZ_33,0.695874818992,0.028212328457546513,EC_001,752.949871672617,1
Evening_strict_p10,Evening,strict,10,TZ_34,0.0509974486517,0.002067551135048563,EC_001,3105.7655543488554,1
Evening_strict_p10,Evening,strict,10,TZ_35,0.468166651372,0.01898052779163486,SCH_0268,1378.0838385377835,1
Evening_strict_p10,Evening,strict,10,TZ_36,0.469448941464,0.01903251471265287,EC_025,1757.9598754758179,1
Evening_strict_p10,Evening,strict,10,TZ_37,0.489301904449,0.01983739843211215,EC_025,1261.134795709334,1
Evening_strict_p10,Evening,strict,10,TZ_39,0.311386069923,0.012624290809225582,SCH_0268,3902.4608401103274,1
Evening_strict_p10,Evening,strict,10,TZ_40,0.504891615273,0.020469440331489907,EC_001,2023.9511156629512,1
Evening_strict_p10,Evening,strict,10,TZ_49,0.656414337799,0.026612511901283754,SCH_0042,1538.5484639685603,1
Evening_strict_p10,Evening,strict,10,TZ_52,0.167398376563,0.006786706249403322,EC_001,1570.4564764251932,1
Evening_strict_p10,Evening,strict,10,TZ_54,0.0557493505017,0.0022602039112826805,EC_001,2309.2403035998855,1
Evening_strict_p10,Evening,strict,10,TZ_55,0.555843904635,0.022535160607482854,SCH_0579,3128.467874116553,1
Evening_strict_p10,Evening,strict,10,TZ_61,0.676662066779,0.027433400321029415,SCH_0167,1841.87841910759,1
Evening_strict_p10,Evening,strict,10,TZ_62,0.48821683051,0.01979340709698648,SCH_0167,260.555364695544,1
Evening_strict_p10,Evening,strict,10,TZ_63,0.379013260074,0.01536604902367665,SCH_0268,3185.8765343528694,1
Evening_strict_p10,Evening,strict,10,TZ_65,0.878611260351,0.03562087431102503,EC_001,314.92400893536905,1
Evening_strict_p10,Evening,strict,10,TZ_66,0.726521849613,0.02945482792804119,EC_001,1259.176892070259,1
Evening_strict_p10,Evening,strict,10,TZ_67,0.00657225249643,0.0002664538808916792,SCH_0579,3224.5989233651903,1
Evening_strict_p10,Evening,strict,10,TZ_71,0.40734245204,0.016514578108030354,SCH_0403,2420.8538925105695,1
Evening_strict_p10,Evening,strict,10,TZ_72,0.0410311117275,0.0016634934465818436,SCH_0167,3201.902448059928,1
Evening_strict_p10,Evening,strict,10,TZ_76,0.494804105752,0.020060470033732444,SCH_0268,2269.508713284049,1
Evening_strict_p10,Evening,strict,10,TZ_77,0.350535050125,0.014211478415520484,SCH_0268,59.58324266803661,1
Evening_strict_p10,Evening,strict,10,TZ_80,0.481680200225,0.01952839742057213,SCH_0045,1879.118547074124,1
Evening_strict_p10,Evening,strict,10,TZ_85,0.351062969046,0.014232881434557412,SCH_0403,1238.0874778186546,1
Evening_strict_p10,Evening,strict,10,TZ_89,0.561611962605,0.02276901063563523,SCH_0403,891.043010797585,1
Evening_strict_p10,Evening,strict,10,TZ_91,0.0734171260775,0.002976495224109188,SCH_0403,4170.869266685587,1
Evening_strict_p10,Evening,strict,10,TZ_97,0.959698424913,0.03890833012617871,SCH_0042,1000.2824358269494,1
Evening_strict_p10,Evening,strict,10,TZ_106,0.406480999874,0.016479652901952538,SCH_0042,2253.3168289174414,1
Evening_strict_p10,Evening,strict,10,TZ_108,0.374930438972,0.01520052228406869,SCH_0579,1582.1252927240982,1
Evening_strict_p10,Evening,strict,10,TZ_111,0.0,0.0,SCH_0093,3595.2927961245487,1
Evening_strict_p10,Evening,strict,10,TZ_112,0.478278239958,0.019390474308781488,SCH_0045,2259.777691676152,1
Evening_strict_p10,Evening,strict,10,TZ_123,0.307205808231,0.01245481360919694,SCH_0396,1865.7929203012293,1
Evening_strict_p10,Evening,strict,10,TZ_133,0.398463743628,0.01615461532282573,SCH_0403,1479.53994558282,1
Evening_strict_p10,Evening,strict,10,TZ_149,0.422663565416,0.01713573046345707,SCH_0396,1017.3327454713084,1
Evening_strict_p10,Evening,strict,10,TZ_150,0.060359383141,0.002447104991003223,SCH_0396,2538.4032981096248,1
Evening_strict_p10,Evening,strict,10,TZ_154,0.0,0.0,SCH_0396,5281.034875007544,1
Evening_strict_p10,Evening,strict,10,TZ_155,0.0247608536081,0.0010038606309865248,SCH_0396,3572.9195348980024,1
Evening_strict_p10,Evening,strict,10,TZ_165,0.406148018794,0.016466153100921203,SCH_0403,2909.277023990917,1
Evening_strict_p10,Evening,strict,10,TZ_177,0.462616799596,0.01875552433279148,SCH_0268,2432.6408613235426,1
Evening_strict_p10,Evening,strict,10,TZ_178,0.323456042905,0.013113634629332703,SCH_0579,2883.3309864351017,1
Evening_strict_p10,Evening,strict,10,TZ_181,0.735893720562,0.029834784630394524,SCH_0042,1567.836427708951,1
Evening_strict_p10,Evening,strict,10,TZ_188,0.558246728219,0.0226325764735657,SCH_0167,873.5273175133907,1
Evening_strict_p10,Evening,strict,10,TZ_189,0.558901643237,0.02265912819967408,SCH_0042,994.2354816070814,1
Evening_strict_p10,Evening,strict,10,TZ_190,0.351503207778,0.01425072970175712,SCH_0167,2367.7120948241663,1
Evening_strict_p10,Evening,strict,10,TZ_195,0.14807010515,0.006003094705002214,EC_001,3423.1710394407182,1
Evening_strict_p10,Evening,strict,10,TZ_210,0.551429241601,0.0223561802504626,SCH_0396,1484.9794134726133,1
Evening_strict_p10,Evening,strict,10,TZ_217,0.43146999879,0.017492763056253968,SCH_0045,1449.942753068302,1
Evening_strict_p10,Evening,strict,10,TZ_222,0.0128761736916,0.0005220290080190625,SCH_0268,2668.570573640279,1
Evening_strict_p10,Evening,strict,10,TZ_225,0.534533487601,0.02167118842667972,EC_025,570.5411811991813,1
Evening_strict_p10,Evening,strict,10,TZ_227,0.424602155966,0.017214325279433482,SCH_0093,501.2609879363857,1
Evening_strict_p10,Evening,strict,10,TZ_228,0.540377049207,0.021908099541855852,SCH_0093,1491.16718549741,1
Evening_strict_p10,Evening,strict,10,TZ_255,0.526088409606,0.021328805992739005,SCH_0045,663.8149098025127,1
Evening_strict_p10,Evening,strict,10,TZ_256,0.469496198196,0.019034430606731274,SCH_0045,561.5037768907587,1
Evening_strict_p10,Evening,strict,10,TZ_257,0.416487361636,0.016885333287260204,SCH_0403,2372.4253063422893,1
Evening_strict_p15,Evening,strict,15,TZ_11,0.0189328176123,0.0007675789589264758,SCH_0579,2463.0558240490673,1
Evening_strict_p15,Evening,strict,15,TZ_14,0.438210282103,0.017766029283933726,SCH_0308,610.2171170814876,1
Evening_strict_p15,Evening,strict,15,TZ_17,0.58839299127,0.023854773701788994,SCH_0012,2148.7716958601086,1
Evening_strict_p15,Evening,strict,15,TZ_21,0.404264042087,0.016389772452831016,SCH_0579,440.81245225615146,1
Evening_strict_p15,Evening,strict,15,TZ_22,0.4221000599,0.017112884683912897,SCH_0579,1693.8763347797883,1
Evening_strict_p15,Evening,strict,15,TZ_25,0.70722001852,0.02867228833361155,SCH_0036,1350.331285442876,1
Evening_strict_p15,Evening,strict,15,TZ_26,0.400559588191,0.0162395855697632,SCH_0306,1633.4744349348537,1
Evening_strict_p15,Evening,strict,15,TZ_29,0.458355200566,0.018582749534354487,SCH_0396,2595.2096456819245,1
Evening_strict_p15,Evening,strict,15,TZ_33,0.695874818992,0.028212328457546513,SCH_0036,966.9344869706408,1
Evening_strict_p15,Evening,strict,15,TZ_34,0.0509974486517,0.002067551135048563,SCH_0012,2474.6570514804926,1
Evening_strict_p15,Evening,strict,15,TZ_35,0.468166651372,0.01898052779163486,SCH_0582,218.34420512908065,1
Evening_strict_p15,Evening,strict,15,TZ_36,0.469448941464,0.01903251471265287,SCH_0466,553.3177224416928,1
Evening_strict_p15,Evening,strict,15,TZ_37,0.489301904449,0.01983739843211215,SCH_0466,450.9348439630932,1
Evening_strict_p15,Evening,strict,15,TZ_39,0.311386069923,0.012624290809225582,SCH_0582,3600.5138869422112,1
Evening_strict_p15,Evening,strict,15,TZ_40,0.504891615273,0.020469440331489907,SCH_0090,1314.361573604212,1
Evening_strict_p15,Evening,strict,15,TZ_49,0.656414337799,0.026612511901283754,SCH_0012,1043.2182469252123,1
Evening_strict_p15,Evening,strict,15,TZ_52,0.167398376563,0.006786706249403322,SCH_0036,1784.4410917232171,1
Evening_strict_p15,Evening,strict,15,TZ_54,0.0557493505017,0.0022602039112826805,SCH_0036,2523.2249188979094,1
Evening_strict_p15,Evening,strict,15,TZ_55,0.555843904635,0.022535160607482854,SCH_0579,3128.467874116553,1
Evening_strict_p15,Evening,strict,15,TZ_61,0.676662066779,0.027433400321029415,SCH_0167,1841.87841910759,1
Evening_strict_p15,Evening,strict,15,TZ_62,0.48821683051,0.01979340709698648,SCH_0167,260.555364695544,1
Evening_strict_p15,Evening,strict,15,TZ_63,0.379013260074,0.01536604902367665,SCH_0251,2371.8031457203374,1
Evening_strict_p15,Evening,strict,15,TZ_65,0.878611260351,0.03562087431102503,SCH_0036,103.53177463922457,1
Evening_strict_p15,Evening,strict,15,TZ_66,0.726521849613,0.02945482792804119,SCH_0036,1219.7666900649178,1
Evening_strict_p15,Evening,strict,15,TZ_67,0.00657225249643,0.0002664538808916792,SCH_0308,2159.4808420986265,1
Evening_strict_p15,Evening,strict,15,TZ_71,0.40734245204,0.016514578108030354,SCH_0567,1505.3691729808152,1
Evening_strict_p15,Evening,strict,15,TZ_72,0.0410311117275,0.0016634934465818436,SCH_0582,2188.6346144933664,1
Evening_strict_p15,Evening,strict,15,TZ_76,0.494804105752,0.020060470033732444,SCH_0251,941.4015858100771,1
Evening_strict_p15,Evening,strict,15,TZ_77,0.350535050125,0.014211478415520484,SCH_0582,1454.955086114032,1
Evening_strict_p15,Evening,strict,15,TZ_80,0.481680200225,0.01952839742057213,SCH_0045,1879.118547074124,1
Evening_strict_p15,Evening,strict,15,TZ_85,0.351062969046,0.014232881434557412,SCH_0567,970.2407879166396,1
Evening_strict_p15,Evening,strict,15,TZ_89,0.561611962605,0.02276901063563523,SCH_0567,1277.299230782636,1
Evening_strict_p15,Evening,strict,15,TZ_91,0.0734171260775,0.002976495224109188,SCH_0567,2756.2498857115447,1
Evening_strict_p15,Evening,strict,15,TZ_97,0.959698424913,0.03890833012617871,SCH_0012,549.1422999682692,1
Evening_strict_p15,Evening,strict,15,TZ_106,0.406480999874,0.016479652901952538,SCH_0090,649.4969212913327,1
Evening_strict_p15,Evening,strict,15,TZ_108,0.374930438972,0.01520052228406869,SCH_0579,1582.1252927240982,1
Evening_strict_p15,Evening,strict,15,TZ_111,0.0,0.0,SCH_0090,2848.1815011220315,1
Evening_strict_p15,Evening,strict,15,TZ_112,0.478278239958,0.019390474308781488,SCH_0045,2259.777691676152,1
Evening_strict_p15,Evening,strict,15,TZ_123,0.307205808231,0.01245481360919694,SCH_0396,1865.7929203012293,1
Evening_strict_p15,Evening,strict,15,TZ_133,0.398463743628,0.01615461532282573,SCH_0306,160.76951439588552,1
Evening_strict_p15,Evening,strict,15,TZ_149,0.422663565416,0.01713573046345707,SCH_0396,1017.3327454713084,1
Evening_strict_p15,Evening,strict,15,TZ_150,0.060359383141,0.002447104991003223,SCH_0396,2538.4032981096248,1
Evening_strict_p15,Evening,strict,15,TZ_154,0.0,0.0,SCH_0396,5281.034875007544,1
Evening_strict_p15,Evening,strict,15,TZ_155,0.0247608536081,0.0010038606309865248,SCH_0396,3572.9195348980024,1
Evening_strict_p15,Evening,strict,15,TZ_165,0.406148018794,0.016466153100921203,SCH_0374,470.05136923989215,1
Evening_strict_p15,Evening,strict,15,TZ_177,0.462616799596,0.01875552433279148,SCH_0582,1468.2201464823572,1
Evening_strict_p15,Evening,strict,15,TZ_178,0.323456042905,0.013113634629332703,SCH_0374,1111.5106728528804,1
Evening_strict_p15,Evening,strict,15,TZ_181,0.735893720562,0.029834784630394524,SCH_0090,534.584198747692,1
Evening_strict_p15,Evening,strict,15,TZ_188,0.558246728219,0.0226325764735657,SCH_0167,873.5273175133907,1
Evening_strict_p15,Evening,strict,15,TZ_189,0.558901643237,0.02265912819967408,SCH_0012,1656.8549970531392,1
Evening_strict_p15,Evening,strict,15,TZ_190,0.351503207778,0.01425072970175712,SCH_0167,2367.7120948241663,1
Evening_strict_p15,Evening,strict,15,TZ_195,0.14807010515,0.006003094705002214,SCH_0090,2613.71006525083,1
Evening_strict_p15,Evening,strict,15,TZ_210,0.551429241601,0.0223561802504626,SCH_0396,1484.9794134726133,1
Evening_strict_p15,Evening,strict,15,TZ_217,0.43146999879,0.017492763056253968,SCH_0045,1449.942753068302,1
Evening_strict_p15,Evening,strict,15,TZ_222,0.0128761736916,0.0005220290080190625,SCH_0251,2910.5568543033523,1
Evening_strict_p15,Evening,strict,15,TZ_225,0.534533487601,0.02167118842667972,SCH_0466,1794.6474719587206,1
Evening_strict_p15,Evening,strict,15,TZ_227,0.424602155966,0.017214325279433482,SCH_0121,1443.4287973849025,1
Evening_strict_p15,Evening,strict,15,TZ_228,0.540377049207,0.021908099541855852,SCH_0121,352.09164284343274,1
Evening_strict_p15,Evening,strict,15,TZ_255,0.526088409606,0.021328805992739005,SCH_0045,663.8149098025127,1
Evening_strict_p15,Evening,strict,15,TZ_256,0.469496198196,0.019034430606731274,SCH_0045,561.5037768907587,1
Evening_strict_p15,Evening,strict,15,TZ_257,0.416487361636,0.016885333287260204,SCH_0306,1684.6400299796192,1
Night_baseline_p5,Night,baseline,5,TZ_11,0.0,0.0,SCH_0342,3426.7013132153697,1
Night_baseline_p5,Night,baseline,5,TZ_14,0.372636716584,0.01675409166642969,SCH_0342,6110.07863107604,1
Night_baseline_p5,Night,baseline,5,TZ_17,0.420602615949,0.01891068289606178,SCH_0116,2947.754473504287,1
Night_baseline_p5,Night,baseline,5,TZ_21,0.312271729325,0.014040025969277262,SCH_0342,1302.8706251719902,1
Night_baseline_p5,Night,baseline,5,TZ_22,0.363035436566,0.016322409230487098,SCH_0342,2998.2158202376395,1
Night_baseline_p5,Night,baseline,5,TZ_25,0.72472884696,0.032584479722187115,SCH_0116,764.5266804506934,1
Night_baseline_p5,Night,baseline,5,TZ_26,0.312450090347,0.014048045245905983,SCH_0403,3100.8680517546823,1
Night_baseline_p5,Night,baseline,5,TZ_29,0.334881596654,0.015056586530642365,SCH_0342,2792.695168767877,1
Night_baseline_p5,Night,baseline,5,TZ_33,0.618968388438,0.027829391621893067,SCH_0116,1854.1195498975144,1
Night_baseline_p5,Night,baseline,5,TZ_34,0.0770649061767,0.003464909508073618,SCH_0045,3269.5989502064044,1
Night_baseline_p5,Night,baseline,5,TZ_35,0.392106044217,0.017629450656379102,SCH_0445,1924.52682741538,1
Night_baseline_p5,Night,baseline,5,TZ_36,0.547188232156,0.0246020893603131,SCH_0445,3341.237359304841,1
Night_baseline_p5,Night,baseline,5,TZ_37,0.454084479027,0.020416058448728788,SCH_0445,2702.4840479926875,1
Night_baseline_p5,Night,baseline,5,TZ_39,0.241229747611,0.01084591271948194,SCH_0445,5208.711989499667,1
Night_baseline_p5,Night,baseline,5,TZ_40,0.525457947532,0.023625075651450535,SCH_0116,2151.4870387310366,1
Night_baseline_p5,Night,baseline,5,TZ_49,0.565747495539,0.025436531019284996,SCH_0116,1585.4566212473037,1
Night_baseline_p5,Night,baseline,5,TZ_52,0.0540930183836,0.0024320721715794928,SCH_0116,1977.787861387548,1
Night_baseline_p5,Night,baseline,5,TZ_54,0.0912122139759,0.00410098556057276,SCH_0116,2713.191987597713,1
Night_baseline_p5,Night,baseline,5,TZ_55,0.522985997787,0.023513934503036075,SCH_0342,3067.817415306703,1
Night_baseline_p5,Night,baseline,5,TZ_61,0.552623900503,0.024846482040102667,SCH_0445,2484.1401189425032,1
Night_baseline_p5,Night,baseline,5,TZ_62,0.414646861707,0.018642906673074628,SCH_0403,3693.426492799804,1
Night_baseline_p5,Night,baseline,5,TZ_63,0.297111832409,0.013358422972898793,SCH_0445,3429.048707739272,1
Night_baseline_p5,Night,baseline,5,TZ_65,0.856053941222,0.03848897750635028,SCH_0116,1243.912291568525,1
Night_baseline_p5,Night,baseline,5,TZ_66,0.866073854157,0.03893948206570117,SCH_0116,2076.5675408886545,1
Night_baseline_p5,Night,baseline,5,TZ_67,0.0,0.0,SCH_0342,4655.107786164401,1
Night_baseline_p5,Night,baseline,5,TZ_71,0.29440711034,0.013236816165358059,SCH_0403,2420.8538925105695,1
Night_baseline_p5,Night,baseline,5,TZ_72,0.0194578580634,0.0008748433074846902,SCH_0445,3181.176700513853,1
Night_baseline_p5,Night,baseline,5,TZ_76,0.379229997931,0.017050531698112124,SCH_0445,4846.62444705397,1
Night_baseline_p5,Night,baseline,5,TZ_77,0.293382996801,0.013190771072790349,SCH_0445,2692.5122017209846,1
Night_baseline_p5,Night,baseline,5,TZ_80,0.539486431395,0.024255809269802253,SCH_0045,1879.118547074124,1
Night_baseline_p5,Night,baseline,5,TZ_85,0.308195240764,0.013856743270636506,SCH_0403,1238.0874778186546,1
Night_baseline_p5,Night,baseline,5,TZ_89,0.507361464573,0.022811441028661762,SCH_0403,891.043010797585,1
Night_baseline_p5,Night,baseline,5,TZ_91,0.0194578580634,0.0008748433074846902,SCH_0403,4170.869266685587,1
Night_baseline_p5,Night,baseline,5,TZ_97,0.916426230665,0.04120337151645379,SCH_0116,870.0874794088285,1
Night_baseline_p5,Night,baseline,5,TZ_106,0.358740054826,0.016129284891924913,SCH_0116,1821.0395968472096,1
Night_baseline_p5,Night,baseline,5,TZ_108,0.294584269158,0.01324478138978226,SCH_0342,1386.448332498573,1
Night_baseline_p5,Night,baseline,5,TZ_111,0.0,0.0,SCH_0403,4215.164115457561,1
Night_baseline_p5,Night,baseline,5,TZ_112,0.601697505465,0.027052876738597628,SCH_0045,2259.777691676152,1
Night_baseline_p5,Night,baseline,5,TZ_123,0.244935705749,0.011012536027365256,SCH_0342,1294.5693520465895,1
Night_baseline_p5,Night,baseline,5,TZ_133,0.320827707696,0.014424710675706104,SCH_0403,1479.53994558282,1
Night_baseline_p5,Night,baseline,5,TZ_149,0.3551952255,0.015969906084559685,SCH_0342,2938.1213878543126,1
Night_baseline_p5,Night,baseline,5,TZ_150,0.0979767197856,0.004405124002572644,SCH_0342,3803.8026939802153,1
Night_baseline_p5,Night,baseline,5,TZ_154,0.0,0.0,SCH_0342,7480.690930242166,1
Night_baseline_p5,Night,baseline,5,TZ_155,0.00993167374834,0.0004465372438500772,SCH_0342,5772.575590132626,1
Night_baseline_p5,Night,baseline,5,TZ_165,0.327424694597,0.014721317312526003,SCH_0403,2909.277023990917,1
Night_baseline_p5,Night,baseline,5,TZ_177,0.395762748379,0.01779385945991511,SCH_0445,334.6860375422847,1
Night_baseline_p5,Night,baseline,5,TZ_178,0.24891415271,0.011191410684928951,SCH_0342,2763.4460174255114,1
Night_baseline_p5,Night,baseline,5,TZ_181,0.863600877335,0.038828294738954196,SCH_0116,2132.914096990705,1
Night_baseline_p5,Night,baseline,5,TZ_188,0.42701463337,0.019198973133864906,SCH_0403,2791.104455495985,1
Night_baseline_p5,Night,baseline,5,TZ_189,0.406230631889,0.018264505190931028,SCH_0116,1559.3131508888353,1
Night_baseline_p5,Night,baseline,5,TZ_190,0.273707728021,0.01230615277826581,SCH_0403,2529.019901494453,1
Night_baseline_p5,Night,baseline,5,TZ_195,0.0459041392191,0.0020638925852385368,SCH_0116,3677.638991637205,1
Night_baseline_p5,Night,baseline,5,TZ_210,0.515947999474,0.023197499584960583,SCH_0342,3473.73000483296,1
Night_baseline_p5,Night,baseline,5,TZ_217,0.394023278394,0.01771565127944687,SCH_0045,1449.942753068302,1
Night_baseline_p5,Night,baseline,5,TZ_222,0.0,0.0,SCH_0445,5293.1015042024255,1
Night_baseline_p5,Night,baseline,5,TZ_225,0.461412928374,0.020745552314115904,SCH_0445,2475.706930402392,1
Night_baseline_p5,Night,baseline,5,TZ_227,0.341771415158,0.015366359147359426,SCH_0403,4238.811542008873,1
Night_baseline_p5,Night,baseline,5,TZ_228,0.447378955592,0.02011457190888575,SCH_0116,4813.454272085167,1
Night_baseline_p5,Night,baseline,5,TZ_255,0.736308372012,0.03310510588579597,SCH_0045,663.8149098025127,1
Night_baseline_p5,Night,baseline,5,TZ_256,0.531007810548,0.023874602629249647,SCH_0045,561.5037768907587,1
Night_baseline_p5,Night,baseline,5,TZ_257,0.346574714569,0.015582319934506017,SCH_0403,2372.4253063422893,1
Night_baseline_p10,Night,baseline,10,TZ_11,0.0,0.0,SCH_0579,2463.0558240490673,1
Night_baseline_p10,Night,baseline,10,TZ_14,0.372636716584,0.01675409166642969,SCH_0093,3413.6434781361127,1
Night_baseline_p10,Night,baseline,10,TZ_17,0.420602615949,0.01891068289606178,SCH_0466,2823.905249594469,1
Night_baseline_p10,Night,baseline,10,TZ_21,0.312271729325,0.014040025969277262,SCH_0579,440.81245225615146,1
Night_baseline_p10,Night,baseline,10,TZ_22,0.363035436566,0.016322409230487098,SCH_0579,1693.8763347797883,1
Night_baseline_p10,Night,baseline,10,TZ_25,0.72472884696,0.032584479722187115,SCH_0036,1350.331285442876,1
Night_baseline_p10,Night,baseline,10,TZ_26,0.312450090347,0.014048045245905983,SCH_0093,2234.1521761546614,1
Night_baseline_p10,Night,baseline,10,TZ_29,0.334881596654,0.015056586530642365,SCH_0405,1685.4154549620475,1
Night_baseline_p10,Night,baseline,10,TZ_33,0.618968388438,0.027829391621893067,SCH_0036,966.9344869706408,1
Night_baseline_p10,Night,baseline,10,TZ_34,0.0770649061767,0.003464909508073618,SCH_0036,2902.5461088959487,1
Night_baseline_p10,Night,baseline,10,TZ_35,0.392106044217,0.017629450656379102,SCH_0268,1378.0838385377835,1
Night_baseline_p10,Night,baseline,10,TZ_36,0.547188232156,0.0246020893603131,SCH_0466,553.3177224416928,1
Night_baseline_p10,Night,baseline,10,TZ_37,0.454084479027,0.020416058448728788,SCH_0466,450.9348439630932,1
Night_baseline_p10,Night,baseline,10,TZ_39,0.241229747611,0.01084591271948194,SCH_0268,3902.4608401103274,1
Night_baseline_p10,Night,baseline,10,TZ_40,0.525457947532,0.023625075651450535,SCH_0090,1314.361573604212,1
Night_baseline_p10,Night,baseline,10,TZ_49,0.565747495539,0.025436531019284996,SCH_0036,2650.6988292010524,1
Night_baseline_p10,Night,baseline,10,TZ_52,0.0540930183836,0.0024320721715794928,SCH_0036,1784.4410917232171,1
Night_baseline_p10,Night,baseline,10,TZ_54,0.0912122139759,0.00410098556057276,SCH_0036,2523.2249188979094,1
Night_baseline_p10,Night,baseline,10,TZ_55,0.522985997787,0.023513934503036075,SCH_0579,3128.467874116553,1
Night_baseline_p10,Night,baseline,10,TZ_61,0.552623900503,0.024846482040102667,SCH_0167,1841.87841910759,1
Night_baseline_p10,Night,baseline,10,TZ_62,0.414646861707,0.018642906673074628,SCH_0167,260.555364695544,1
Night_baseline_p10,Night,baseline,10,TZ_63,0.297111832409,0.013358422972898793,SCH_0268,3185.8765343528694,1
Night_baseline_p10,Night,baseline,10,TZ_65,0.856053941222,0.03848897750635028,SCH_0036,103.53177463922457,1
Night_baseline_p10,Night,baseline,10,TZ_66,0.866073854157,0.03893948206570117,SCH_0036,1219.7666900649178,1
Night_baseline_p10,Night,baseline,10,TZ_67,0.0,0.0,SCH_0579,3224.5989233651903,1
Night_baseline_p10,Night,baseline,10,TZ_71,0.29440711034,0.013236816165358059,SCH_0403,2420.8538925105695,1
Night_baseline_p10,Night,baseline,10,TZ_72,0.0194578580634,0.0008748433074846902,SCH_0167,3201.902448059928,1
Night_baseline_p10,Night,baseline,10,TZ_76,0.379229997931,0.017050531698112124,SCH_0268,2269.508713284049,1
Night_baseline_p10,Night,baseline,10,TZ_77,0.293382996801,0.013190771072790349,SCH_0268,59.58324266803661,1
Night_baseline_p10,Night,baseline,10,TZ_80,0.539486431395,0.024255809269802253,SCH_0045,1879.118547074124,1
Night_baseline_p10,Night,baseline,10,TZ_85,0.308195240764,0.013856743270636506,SCH_0403,1238.0874778186546,1
Night_baseline_p10,Night,baseline,10,TZ_89,0.507361464573,0.022811441028661762,SCH_0403,891.043010797585,1
Night_baseline_p10,Night,baseline,10,TZ_91,0.0194578580634,0.0008748433074846902,SCH_0403,4170.869266685587,1
Night_baseline_p10,Night,baseline,10,TZ_97,0.916426230665,0.04120337151645379,SCH_0036,1486.528067724986,1
Night_baseline_p10,Night,baseline,10,TZ_106,0.358740054826,0.016129284891924913,SCH_0090,649.4969212913327,1
Night_baseline_p10,Night,baseline,10,TZ_108,0.294584269158,0.01324478138978226,SCH_0579,1582.1252927240982,1
Night_baseline_p10,Night,baseline,10,TZ_111,0.0,0.0,SCH_0090,2848.1815011220315,1
Night_baseline_p10,Night,baseline,10,TZ_112,0.601697505465,0.027052876738597628,SCH_0045,2259.777691676152,1
Night_baseline_p10,Night,baseline,10,TZ_123,0.244935705749,0.011012536027365256,SCH_0405,2101.7464701327435,1
Night_baseline_p10,Night,baseline,10,TZ_133,0.320827707696,0.014424710675706104,SCH_0403,1479.53994558282,1
Night_baseline_p10,Night,baseline,10,TZ_149,0.3551952255,0.015969906084559685,SCH_0405,2002.5142525343415,1
Night_baseline_p10,Night,baseline,10,TZ_150,0.0979767197856,0.004405124002572644,SCH_0405,1741.9913280302478,1
Night_baseline_p10,Night,baseline,10,TZ_154,0.0,0.0,SCH_0405,5668.809001333078,1
Night_baseline_p10,Night,baseline,10,TZ_155,0.00993167374834,0.0004465372438500772,SCH_0405,4558.101041961037,1
Night_baseline_p10,Night,baseline,10,TZ_165,0.327424694597,0.014721317312526003,SCH_0403,2909.277023990917,1
Night_baseline_p10,Night,baseline,10,TZ_177,0.395762748379,0.01779385945991511,SCH_0268,2432.6408613235426,1
Night_baseline_p10,Night,baseline,10,TZ_178,0.24891415271,0.011191410684928951,SCH_0579,2883.3309864351017,1
Night_baseline_p10,Night,baseline,10,TZ_181,0.863600877335,0.038828294738954196,SCH_0090,534.584198747692,1
Night_baseline_p10,Night,baseline,10,TZ_188,0.42701463337,0.019198973133864906,SCH_0167,873.5273175133907,1
Night_baseline_p10,Night,baseline,10,TZ_189,0.406230631889,0.018264505190931028,SCH_0090,2132.1209171817563,1
Night_baseline_p10,Night,baseline,10,TZ_190,0.273707728021,0.01230615277826581,SCH_0167,2367.7120948241663,1
Night_baseline_p10,Night,baseline,10,TZ_195,0.0459041392191,0.0020638925852385368,SCH_0090,2613.71006525083,1
Night_baseline_p10,Night,baseline,10,TZ_210,0.515947999474,0.023197499584960583,SCH_0405,1119.1380039396304,1
Night_baseline_p10,Night,baseline,10,TZ_217,0.394023278394,0.01771565127944687,SCH_0045,1449.942753068302,1
Night_baseline_p10,Night,baseline,10,TZ_222,0.0,0.0,SCH_0268,2668.570573640279,1
Night_baseline_p10,Night,baseline,10,TZ_225,0.461412928374,0.020745552314115904,SCH_0466,1794.6474719587206,1
Night_baseline_p10,Night,baseline,10,TZ_227,0.341771415158,0.015366359147359426,SCH_0093,501.2609879363857,1
Night_baseline_p10,Night,baseline,10,TZ_228,0.447378955592,0.02011457190888575,SCH_0093,1491.16718549741,1
Night_baseline_p10,Night,baseline,10,TZ_255,0.736308372012,0.03310510588579597,SCH_0045,663.8149098025127,1
Night_baseline_p10,Night,baseline,10,TZ_256,0.531007810548,0.023874602629249647,SCH_0045,561.5037768907587,1
Night_baseline_p10,Night,baseline,10,TZ_257,0.346574714569,0.015582319934506017,SCH_0403,2372.4253063422893,1
Night_baseline_p15,Night,baseline,15,TZ_11,0.0,0.0,SCH_0334,2503.2206795357806,1
Night_baseline_p15,Night,baseline,15,TZ_14,0.372636716584,0.01675409166642969,SCH_0308,610.2171170814876,1
Night_baseline_p15,Night,baseline,15,TZ_17,0.420602615949,0.01891068289606178,SCH_0012,2148.7716958601086,1
Night_baseline_p15,Night,baseline,15,TZ_21,0.312271729325,0.014040025969277262,SCH_0334,1040.0756633420126,1
Night_baseline_p15,Night,baseline,15,TZ_22,0.363035436566,0.016322409230487098,SCH_0334,1098.330421330939,1
Night_baseline_p15,Night,baseline,15,TZ_25,0.72472884696,0.032584479722187115,SCH_0036,1350.331285442876,1
Night_baseline_p15,Night,baseline,15,TZ_26,0.312450090347,0.014048045245905983,SCH_0306,1633.4744349348537,1
Night_baseline_p15,Night,baseline,15,TZ_29,0.334881596654,0.015056586530642365,SCH_0405,1685.4154549620475,1
Night_baseline_p15,Night,baseline,15,TZ_33,0.618968388438,0.027829391621893067,SCH_0036,966.9344869706408,1
Night_baseline_p15,Night,baseline,15,TZ_34,0.0770649061767,0.003464909508073618,SCH_0012,2474.6570514804926,1
Night_baseline_p15,Night,baseline,15,TZ_35,0.392106044217,0.017629450656379102,SCH_0582,218.34420512908065,1
Night_baseline_p15,Night,baseline,15,TZ_36,0.547188232156,0.0246020893603131,SCH_0466,553.3177224416928,1
Night_baseline_p15,Night,baseline,15,TZ_37,0.454084479027,0.020416058448728788,SCH_0466,450.9348439630932,1
Night_baseline_p15,Night,baseline,15,TZ_39,0.241229747611,0.01084591271948194,SCH_0582,3600.5138869422112,1
Night_baseline_p15,Night,baseline,15,TZ_40,0.525457947532,0.023625075651450535,SCH_0090,1314.361573604212,1
Night_baseline_p15,Night,baseline,15,TZ_49,0.565747495539,0.025436531019284996,SCH_0012,1043.2182469252123,1
Night_baseline_p15,Night,baseline,15,TZ_52,0.0540930183836,0.0024320721715794928,SCH_0036,1784.4410917232171,1
Night_baseline_p15,Night,baseline,15,TZ_54,0.0912122139759,0.00410098556057276,SCH_0036,2523.2249188979094,1
Night_baseline_p15,Night,baseline,15,TZ_55,0.522985997787,0.023513934503036075,SCH_0380,319.7297071354047,1
Night_baseline_p15,Night,baseline,15,TZ_61,0.552623900503,0.024846482040102667,SCH_0167,1841.87841910759,1
Night_baseline_p15,Night,baseline,15,TZ_62,0.414646861707,0.018642906673074628,SCH_0167,260.555364695544,1
Night_baseline_p15,Night,baseline,15,TZ_63,0.297111832409,0.013358422972898793,SCH_0251,2371.8031457203374,1
Night_baseline_p15,Night,baseline,15,TZ_65,0.856053941222,0.03848897750635028,SCH_0036,103.53177463922457,1
Night_baseline_p15,Night,baseline,15,TZ_66,0.866073854157,0.03893948206570117,SCH_0036,1219.7666900649178,1
Night_baseline_p15,Night,baseline,15,TZ_67,0.0,0.0,SCH_0308,2159.4808420986265,1
Night_baseline_p15,Night,baseline,15,TZ_71,0.29440711034,0.013236816165358059,SCH_0567,1505.3691729808152,1
Night_baseline_p15,Night,baseline,15,TZ_72,0.0194578580634,0.0008748433074846902,SCH_0582,2188.6346144933664,1
Night_baseline_p15,Night,baseline,15,TZ_76,0.379229997931,0.017050531698112124,SCH_0251,941.4015858100771,1
Night_baseline_p15,Night,baseline,15,TZ_77,0.293382996801,0.013190771072790349,SCH_0582,1454.955086114032,1
Night_baseline_p15,Night,baseline,15,TZ_80,0.539486431395,0.024255809269802253,SCH_0045,1879.118547074124,1
Night_baseline_p15,Night,baseline,15,TZ_85,0.308195240764,0.013856743270636506,SCH_0567,970.2407879166396,1
Night_baseline_p15,Night,baseline,15,TZ_89,0.507361464573,0.022811441028661762,SCH_0567,1277.299230782636,1
Night_baseline_p15,Night,baseline,15,TZ_91,0.0194578580634,0.0008748433074846902,SCH_0567,2756.2498857115447,1
Night_baseline_p15,Night,baseline,15,TZ_97,0.916426230665,0.04120337151645379,SCH_0012,549.1422999682692,1
Night_baseline_p15,Night,baseline,15,TZ_106,0.358740054826,0.016129284891924913,SCH_0090,649.4969212913327,1
Night_baseline_p15,Night,baseline,15,TZ_108,0.294584269158,0.01324478138978226,SCH_0380,1887.4713052950513,1
Night_baseline_p15,Night,baseline,15,TZ_111,0.0,0.0,SCH_0090,2848.1815011220315,1
Night_baseline_p15,Night,baseline,15,TZ_112,0.601697505465,0.027052876738597628,SCH_0045,2259.777691676152,1
Night_baseline_p15,Night,baseline,15,TZ_123,0.244935705749,0.011012536027365256,SCH_0405,2101.7464701327435,1
Night_baseline_p15,Night,baseline,15,TZ_133,0.320827707696,0.014424710675706104,SCH_0306,160.76951439588552,1
Night_baseline_p15,Night,baseline,15,TZ_149,0.3551952255,0.015969906084559685,SCH_0405,2002.5142525343415,1
Night_baseline_p15,Night,baseline,15,TZ_150,0.0979767197856,0.004405124002572644,SCH_0405,1741.9913280302478,1
Night_baseline_p15,Night,baseline,15,TZ_154,0.0,0.0,SCH_0405,5668.809001333078,1
Night_baseline_p15,Night,baseline,15,TZ_155,0.00993167374834,0.0004465372438500772,SCH_0405,4558.101041961037,1
Night_baseline_p15,Night,baseline,15,TZ_165,0.327424694597,0.014721317312526003,SCH_0567,2713.8088725292755,1
Night_baseline_p15,Night,baseline,15,TZ_177,0.395762748379,0.01779385945991511,SCH_0582,1468.2201464823572,1
Night_baseline_p15,Night,baseline,15,TZ_178,0.24891415271,0.011191410684928951,SCH_0334,2212.365336701189,1
Night_baseline_p15,Night,baseline,15,TZ_181,0.863600877335,0.038828294738954196,SCH_0090,534.584198747692,1
Night_baseline_p15,Night,baseline,15,TZ_188,0.42701463337,0.019198973133864906,SCH_0167,873.5273175133907,1
Night_baseline_p15,Night,baseline,15,TZ_189,0.406230631889,0.018264505190931028,SCH_0012,1656.8549970531392,1
Night_baseline_p15,Night,baseline,15,TZ_190,0.273707728021,0.01230615277826581,SCH_0167,2367.7120948241663,1
Night_baseline_p15,Night,baseline,15,TZ_195,0.0459041392191,0.0020638925852385368,SCH_0090,2613.71006525083,1
Night_baseline_p15,Night,baseline,15,TZ_210,0.515947999474,0.023197499584960583,SCH_0405,1119.1380039396304,1
Night_baseline_p15,Night,baseline,15,TZ_217,0.394023278394,0.01771565127944687,SCH_0045,1449.942753068302,1
Night_baseline_p15,Night,baseline,15,TZ_222,0.0,0.0,SCH_0251,2910.5568543033523,1
Night_baseline_p15,Night,baseline,15,TZ_225,0.461412928374,0.020745552314115904,SCH_0466,1794.6474719587206,1
Night_baseline_p15,Night,baseline,15,TZ_227,0.341771415158,0.015366359147359426,SCH_0121,1443.4287973849025,1
Night_baseline_p15,Night,baseline,15,TZ_228,0.447378955592,0.02011457190888575,SCH_0121,352.09164284343274,1
Night_baseline_p15,Night,baseline,15,TZ_255,0.736308372012,0.03310510588579597,SCH_0045,663.8149098025127,1
Night_baseline_p15,Night,baseline,15,TZ_256,0.531007810548,0.023874602629249647,SCH_0045,561.5037768907587,1
Night_baseline_p15,Night,baseline,15,TZ_257,0.346574714569,0.015582319934506017,SCH_0306,1684.6400299796192,1
Night_moderate_p5,Night,moderate,5,TZ_11,0.0,0.0,SCH_0342,3426.7013132153697,1
Night_moderate_p5,Night,moderate,5,TZ_14,0.372636716584,0.01675409166642969,SCH_0342,6110.07863107604,1
Night_moderate_p5,Night,moderate,5,TZ_17,0.420602615949,0.01891068289606178,SCH_0116,2947.754473504287,1
Night_moderate_p5,Night,moderate,5,TZ_21,0.312271729325,0.014040025969277262,SCH_0342,1302.8706251719902,1
Night_moderate_p5,Night,moderate,5,TZ_22,0.363035436566,0.016322409230487098,SCH_0342,2998.2158202376395,1
Night_moderate_p5,Night,moderate,5,TZ_25,0.72472884696,0.032584479722187115,SCH_0116,764.5266804506934,1
Night_moderate_p5,Night,moderate,5,TZ_26,0.312450090347,0.014048045245905983,SCH_0403,3100.8680517546823,1
Night_moderate_p5,Night,moderate,5,TZ_29,0.334881596654,0.015056586530642365,SCH_0342,2792.695168767877,1
Night_moderate_p5,Night,moderate,5,TZ_33,0.618968388438,0.027829391621893067,SCH_0116,1854.1195498975144,1
Night_moderate_p5,Night,moderate,5,TZ_34,0.0770649061767,0.003464909508073618,SCH_0045,3269.5989502064044,1
Night_moderate_p5,Night,moderate,5,TZ_35,0.392106044217,0.017629450656379102,SCH_0445,1924.52682741538,1
Night_moderate_p5,Night,moderate,5,TZ_36,0.547188232156,0.0246020893603131,SCH_0445,3341.237359304841,1
Night_moderate_p5,Night,moderate,5,TZ_37,0.454084479027,0.020416058448728788,SCH_0445,2702.4840479926875,1
Night_moderate_p5,Night,moderate,5,TZ_39,0.241229747611,0.01084591271948194,SCH_0445,5208.711989499667,1
Night_moderate_p5,Night,moderate,5,TZ_40,0.525457947532,0.023625075651450535,SCH_0116,2151.4870387310366,1
Night_moderate_p5,Night,moderate,5,TZ_49,0.565747495539,0.025436531019284996,SCH_0116,1585.4566212473037,1
Night_moderate_p5,Night,moderate,5,TZ_52,0.0540930183836,0.0024320721715794928,SCH_0116,1977.787861387548,1
Night_moderate_p5,Night,moderate,5,TZ_54,0.0912122139759,0.00410098556057276,SCH_0116,2713.191987597713,1
Night_moderate_p5,Night,moderate,5,TZ_55,0.522985997787,0.023513934503036075,SCH_0342,3067.817415306703,1
Night_moderate_p5,Night,moderate,5,TZ_61,0.552623900503,0.024846482040102667,SCH_0445,2484.1401189425032,1
Night_moderate_p5,Night,moderate,5,TZ_62,0.414646861707,0.018642906673074628,SCH_0403,3693.426492799804,1
Night_moderate_p5,Night,moderate,5,TZ_63,0.297111832409,0.013358422972898793,SCH_0445,3429.048707739272,1
Night_moderate_p5,Night,moderate,5,TZ_65,0.856053941222,0.03848897750635028,SCH_0116,1243.912291568525,1
Night_moderate_p5,Night,moderate,5,TZ_66,0.866073854157,0.03893948206570117,SCH_0116,2076.5675408886545,1
Night_moderate_p5,Night,moderate,5,TZ_67,0.0,0.0,SCH_0342,4655.107786164401,1
Night_moderate_p5,Night,moderate,5,TZ_71,0.29440711034,0.013236816165358059,SCH_0403,2420.8538925105695,1
Night_moderate_p5,Night,moderate,5,TZ_72,0.0194578580634,0.0008748433074846902,SCH_0445,3181.176700513853,1
Night_moderate_p5,Night,moderate,5,TZ_76,0.379229997931,0.017050531698112124,SCH_0445,4846.62444705397,1
Night_moderate_p5,Night,moderate,5,TZ_77,0.293382996801,0.013190771072790349,SCH_0445,2692.5122017209846,1
Night_moderate_p5,Night,moderate,5,TZ_80,0.539486431395,0.024255809269802253,SCH_0045,1879.118547074124,1
Night_moderate_p5,Night,moderate,5,TZ_85,0.308195240764,0.013856743270636506,SCH_0403,1238.0874778186546,1
Night_moderate_p5,Night,moderate,5,TZ_89,0.507361464573,0.022811441028661762,SCH_0403,891.043010797585,1
Night_moderate_p5,Night,moderate,5,TZ_91,0.0194578580634,0.0008748433074846902,SCH_0403,4170.869266685587,1
Night_moderate_p5,Night,moderate,5,TZ_97,0.916426230665,0.04120337151645379,SCH_0116,870.0874794088285,1
Night_moderate_p5,Night,moderate,5,TZ_106,0.358740054826,0.016129284891924913,SCH_0116,1821.0395968472096,1
Night_moderate_p5,Night,moderate,5,TZ_108,0.294584269158,0.01324478138978226,SCH_0342,1386.448332498573,1
Night_moderate_p5,Night,moderate,5,TZ_111,0.0,0.0,SCH_0403,4215.164115457561,1
Night_moderate_p5,Night,moderate,5,TZ_112,0.601697505465,0.027052876738597628,SCH_0045,2259.777691676152,1
Night_moderate_p5,Night,moderate,5,TZ_123,0.244935705749,0.011012536027365256,SCH_0342,1294.5693520465895,1
Night_moderate_p5,Night,moderate,5,TZ_133,0.320827707696,0.014424710675706104,SCH_0403,1479.53994558282,1
Night_moderate_p5,Night,moderate,5,TZ_149,0.3551952255,0.015969906084559685,SCH_0342,2938.1213878543126,1
Night_moderate_p5,Night,moderate,5,TZ_150,0.0979767197856,0.004405124002572644,SCH_0342,3803.8026939802153,1
Night_moderate_p5,Night,moderate,5,TZ_154,0.0,0.0,SCH_0342,7480.690930242166,1
Night_moderate_p5,Night,moderate,5,TZ_155,0.00993167374834,0.0004465372438500772,SCH_0342,5772.575590132626,1
Night_moderate_p5,Night,moderate,5,TZ_165,0.327424694597,0.014721317312526003,SCH_0403,2909.277023990917,1
Night_moderate_p5,Night,moderate,5,TZ_177,0.395762748379,0.01779385945991511,SCH_0445,334.6860375422847,1
Night_moderate_p5,Night,moderate,5,TZ_178,0.24891415271,0.011191410684928951,SCH_0342,2763.4460174255114,1
Night_moderate_p5,Night,moderate,5,TZ_181,0.863600877335,0.038828294738954196,SCH_0116,2132.914096990705,1
Night_moderate_p5,Night,moderate,5,TZ_188,0.42701463337,0.019198973133864906,SCH_0403,2791.104455495985,1
Night_moderate_p5,Night,moderate,5,TZ_189,0.406230631889,0.018264505190931028,SCH_0116,1559.3131508888353,1
Night_moderate_p5,Night,moderate,5,TZ_190,0.273707728021,0.01230615277826581,SCH_0403,2529.019901494453,1
Night_moderate_p5,Night,moderate,5,TZ_195,0.0459041392191,0.0020638925852385368,SCH_0116,3677.638991637205,1
Night_moderate_p5,Night,moderate,5,TZ_210,0.515947999474,0.023197499584960583,SCH_0342,3473.73000483296,1
Night_moderate_p5,Night,moderate,5,TZ_217,0.394023278394,0.01771565127944687,SCH_0045,1449.942753068302,1
Night_moderate_p5,Night,moderate,5,TZ_222,0.0,0.0,SCH_0445,5293.1015042024255,1
Night_moderate_p5,Night,moderate,5,TZ_225,0.461412928374,0.020745552314115904,SCH_0445,2475.706930402392,1
Night_moderate_p5,Night,moderate,5,TZ_227,0.341771415158,0.015366359147359426,SCH_0403,4238.811542008873,1
Night_moderate_p5,Night,moderate,5,TZ_228,0.447378955592,0.02011457190888575,SCH_0116,4813.454272085167,1
Night_moderate_p5,Night,moderate,5,TZ_255,0.736308372012,0.03310510588579597,SCH_0045,663.8149098025127,1
Night_moderate_p5,Night,moderate,5,TZ_256,0.531007810548,0.023874602629249647,SCH_0045,561.5037768907587,1
Night_moderate_p5,Night,moderate,5,TZ_257,0.346574714569,0.015582319934506017,SCH_0403,2372.4253063422893,1
Night_moderate_p10,Night,moderate,10,TZ_11,0.0,0.0,SCH_0579,2463.0558240490673,1
Night_moderate_p10,Night,moderate,10,TZ_14,0.372636716584,0.01675409166642969,SCH_0093,3413.6434781361127,1
Night_moderate_p10,Night,moderate,10,TZ_17,0.420602615949,0.01891068289606178,SCH_0466,2823.905249594469,1
Night_moderate_p10,Night,moderate,10,TZ_21,0.312271729325,0.014040025969277262,SCH_0579,440.81245225615146,1
Night_moderate_p10,Night,moderate,10,TZ_22,0.363035436566,0.016322409230487098,SCH_0579,1693.8763347797883,1
Night_moderate_p10,Night,moderate,10,TZ_25,0.72472884696,0.032584479722187115,SCH_0036,1350.331285442876,1
Night_moderate_p10,Night,moderate,10,TZ_26,0.312450090347,0.014048045245905983,SCH_0093,2234.1521761546614,1
Night_moderate_p10,Night,moderate,10,TZ_29,0.334881596654,0.015056586530642365,SCH_0396,2595.2096456819245,1
Night_moderate_p10,Night,moderate,10,TZ_33,0.618968388438,0.027829391621893067,SCH_0036,966.9344869706408,1
Night_moderate_p10,Night,moderate,10,TZ_34,0.0770649061767,0.003464909508073618,SCH_0036,2902.5461088959487,1
Night_moderate_p10,Night,moderate,10,TZ_35,0.392106044217,0.017629450656379102,SCH_0268,1378.0838385377835,1
Night_moderate_p10,Night,moderate,10,TZ_36,0.547188232156,0.0246020893603131,SCH_0466,553.3177224416928,1
Night_moderate_p10,Night,moderate,10,TZ_37,0.454084479027,0.020416058448728788,SCH_0466,450.9348439630932,1
Night_moderate_p10,Night,moderate,10,TZ_39,0.241229747611,0.01084591271948194,SCH_0268,3902.4608401103274,1
Night_moderate_p10,Night,moderate,10,TZ_40,0.525457947532,0.023625075651450535,SCH_0090,1314.361573604212,1
Night_moderate_p10,Night,moderate,10,TZ_49,0.565747495539,0.025436531019284996,SCH_0036,2650.6988292010524,1
Night_moderate_p10,Night,moderate,10,TZ_52,0.0540930183836,0.0024320721715794928,SCH_0036,1784.4410917232171,1
Night_moderate_p10,Night,moderate,10,TZ_54,0.0912122139759,0.00410098556057276,SCH_0036,2523.2249188979094,1
Night_moderate_p10,Night,moderate,10,TZ_55,0.522985997787,0.023513934503036075,SCH_0579,3128.467874116553,1
Night_moderate_p10,Night,moderate,10,TZ_61,0.552623900503,0.024846482040102667,SCH_0167,1841.87841910759,1
Night_moderate_p10,Night,moderate,10,TZ_62,0.414646861707,0.018642906673074628,SCH_0167,260.555364695544,1
Night_moderate_p10,Night,moderate,10,TZ_63,0.297111832409,0.013358422972898793,SCH_0268,3185.8765343528694,1
Night_moderate_p10,Night,moderate,10,TZ_65,0.856053941222,0.03848897750635028,SCH_0036,103.53177463922457,1
Night_moderate_p10,Night,moderate,10,TZ_66,0.866073854157,0.03893948206570117,SCH_0036,1219.7666900649178,1
Night_moderate_p10,Night,moderate,10,TZ_67,0.0,0.0,SCH_0579,3224.5989233651903,1
Night_moderate_p10,Night,moderate,10,TZ_71,0.29440711034,0.013236816165358059,SCH_0403,2420.8538925105695,1
Night_moderate_p10,Night,moderate,10,TZ_72,0.0194578580634,0.0008748433074846902,SCH_0167,3201.902448059928,1
Night_moderate_p10,Night,moderate,10,TZ_76,0.379229997931,0.017050531698112124,SCH_0268,2269.508713284049,1
Night_moderate_p10,Night,moderate,10,TZ_77,0.293382996801,0.013190771072790349,SCH_0268,59.58324266803661,1
Night_moderate_p10,Night,moderate,10,TZ_80,0.539486431395,0.024255809269802253,SCH_0045,1879.118547074124,1
Night_moderate_p10,Night,moderate,10,TZ_85,0.308195240764,0.013856743270636506,SCH_0403,1238.0874778186546,1
Night_moderate_p10,Night,moderate,10,TZ_89,0.507361464573,0.022811441028661762,SCH_0403,891.043010797585,1
Night_moderate_p10,Night,moderate,10,TZ_91,0.0194578580634,0.0008748433074846902,SCH_0403,4170.869266685587,1
Night_moderate_p10,Night,moderate,10,TZ_97,0.916426230665,0.04120337151645379,SCH_0036,1486.528067724986,1
Night_moderate_p10,Night,moderate,10,TZ_106,0.358740054826,0.016129284891924913,SCH_0090,649.4969212913327,1
Night_moderate_p10,Night,moderate,10,TZ_108,0.294584269158,0.01324478138978226,SCH_0579,1582.1252927240982,1
Night_moderate_p10,Night,moderate,10,TZ_111,0.0,0.0,SCH_0090,2848.1815011220315,1
Night_moderate_p10,Night,moderate,10,TZ_112,0.601697505465,0.027052876738597628,SCH_0045,2259.777691676152,1
Night_moderate_p10,Night,moderate,10,TZ_123,0.244935705749,0.011012536027365256,SCH_0396,1865.7929203012293,1
Night_moderate_p10,Night,moderate,10,TZ_133,0.320827707696,0.014424710675706104,SCH_0403,1479.53994558282,1
Night_moderate_p10,Night,moderate,10,TZ_149,0.3551952255,0.015969906084559685,SCH_0396,1017.3327454713084,1
Night_moderate_p10,Night,moderate,10,TZ_150,0.0979767197856,0.004405124002572644,SCH_0396,2538.4032981096248,1
Night_moderate_p10,Night,moderate,10,TZ_154,0.0,0.0,SCH_0396,5281.034875007544,1
Night_moderate_p10,Night,moderate,10,TZ_155,0.00993167374834,0.0004465372438500772,SCH_0396,3572.9195348980024,1
Night_moderate_p10,Night,moderate,10,TZ_165,0.327424694597,0.014721317312526003,SCH_0403,2909.277023990917,1
Night_moderate_p10,Night,moderate,10,TZ_177,0.395762748379,0.01779385945991511,SCH_0268,2432.6408613235426,1
Night_moderate_p10,Night,moderate,10,TZ_178,0.24891415271,0.011191410684928951,SCH_0579,2883.3309864351017,1
Night_moderate_p10,Night,moderate,10,TZ_181,0.863600877335,0.038828294738954196,SCH_0090,534.584198747692,1
Night_moderate_p10,Night,moderate,10,TZ_188,0.42701463337,0.019198973133864906,SCH_0167,873.5273175133907,1
Night_moderate_p10,Night,moderate,10,TZ_189,0.406230631889,0.018264505190931028,SCH_0090,2132.1209171817563,1
Night_moderate_p10,Night,moderate,10,TZ_190,0.273707728021,0.01230615277826581,SCH_0167,2367.7120948241663,1
Night_moderate_p10,Night,moderate,10,TZ_195,0.0459041392191,0.0020638925852385368,SCH_0090,2613.71006525083,1
Night_moderate_p10,Night,moderate,10,TZ_210,0.515947999474,0.023197499584960583,SCH_0396,1484.9794134726133,1
Night_moderate_p10,Night,moderate,10,TZ_217,0.394023278394,0.01771565127944687,SCH_0045,1449.942753068302,1
Night_moderate_p10,Night,moderate,10,TZ_222,0.0,0.0,SCH_0268,2668.570573640279,1
Night_moderate_p10,Night,moderate,10,TZ_225,0.461412928374,0.020745552314115904,SCH_0466,1794.6474719587206,1
Night_moderate_p10,Night,moderate,10,TZ_227,0.341771415158,0.015366359147359426,SCH_0093,501.2609879363857,1
Night_moderate_p10,Night,moderate,10,TZ_228,0.447378955592,0.02011457190888575,SCH_0093,1491.16718549741,1
Night_moderate_p10,Night,moderate,10,TZ_255,0.736308372012,0.03310510588579597,SCH_0045,663.8149098025127,1
Night_moderate_p10,Night,moderate,10,TZ_256,0.531007810548,0.023874602629249647,SCH_0045,561.5037768907587,1
Night_moderate_p10,Night,moderate,10,TZ_257,0.346574714569,0.015582319934506017,SCH_0403,2372.4253063422893,1
Night_moderate_p15,Night,moderate,15,TZ_11,0.0,0.0,SCH_0375,2971.856497835413,1
Night_moderate_p15,Night,moderate,15,TZ_14,0.372636716584,0.01675409166642969,SCH_0308,610.2171170814876,1
Night_moderate_p15,Night,moderate,15,TZ_17,0.420602615949,0.01891068289606178,SCH_0012,2148.7716958601086,1
Night_moderate_p15,Night,moderate,15,TZ_21,0.312271729325,0.014040025969277262,SCH_0375,1575.8266698759487,1
Night_moderate_p15,Night,moderate,15,TZ_22,0.363035436566,0.016322409230487098,SCH_0375,3247.1732743010316,1
Night_moderate_p15,Night,moderate,15,TZ_25,0.72472884696,0.032584479722187115,SCH_0036,1350.331285442876,1
Night_moderate_p15,Night,moderate,15,TZ_26,0.312450090347,0.014048045245905983,SCH_0306,1633.4744349348537,1
Night_moderate_p15,Night,moderate,15,TZ_29,0.334881596654,0.015056586530642365,SCH_0396,2595.2096456819245,1
Night_moderate_p15,Night,moderate,15,TZ_33,0.618968388438,0.027829391621893067,SCH_0036,966.9344869706408,1
Night_moderate_p15,Night,moderate,15,TZ_34,0.0770649061767,0.003464909508073618,SCH_0012,2474.6570514804926,1
Night_moderate_p15,Night,moderate,15,TZ_35,0.392106044217,0.017629450656379102,SCH_0582,218.34420512908065,1
Night_moderate_p15,Night,moderate,15,TZ_36,0.547188232156,0.0246020893603131,SCH_0466,553.3177224416928,1
Night_moderate_p15,Night,moderate,15,TZ_37,0.454084479027,0.020416058448728788,SCH_0466,450.9348439630932,1
Night_moderate_p15,Night,moderate,15,TZ_39,0.241229747611,0.01084591271948194,SCH_0582,3600.5138869422112,1
Night_moderate_p15,Night,moderate,15,TZ_40,0.525457947532,0.023625075651450535,SCH_0090,1314.361573604212,1
Night_moderate_p15,Night,moderate,15,TZ_49,0.565747495539,0.025436531019284996,SCH_0012,1043.2182469252123,1
Night_moderate_p15,Night,moderate,15,TZ_52,0.0540930183836,0.0024320721715794928,SCH_0036,1784.4410917232171,1
Night_moderate_p15,Night,moderate,15,TZ_54,0.0912122139759,0.00410098556057276,SCH_0036,2523.2249188979094,1
Night_moderate_p15,Night,moderate,15,TZ_55,0.522985997787,0.023513934503036075,SCH_0375,2059.237481698536,1
Night_moderate_p15,Night,moderate,15,TZ_61,0.552623900503,0.024846482040102667,SCH_0167,1841.87841910759,1
Night_moderate_p15,Night,moderate,15,TZ_62,0.414646861707,0.018642906673074628,SCH_0167,260.555364695544,1
Night_moderate_p15,Night,moderate,15,TZ_63,0.297111832409,0.013358422972898793,SCH_0251,2371.8031457203374,1
Night_moderate_p15,Night,moderate,15,TZ_65,0.856053941222,0.03848897750635028,SCH_0036,103.53177463922457,1
Night_moderate_p15,Night,moderate,15,TZ_66,0.866073854157,0.03893948206570117,SCH_0036,1219.7666900649178,1
Night_moderate_p15,Night,moderate,15,TZ_67,0.0,0.0,SCH_0308,2159.4808420986265,1
Night_moderate_p15,Night,moderate,15,TZ_71,0.29440711034,0.013236816165358059,SCH_0567,1505.3691729808152,1
Night_moderate_p15,Night,moderate,15,TZ_72,0.0194578580634,0.0008748433074846902,SCH_0582,2188.6346144933664,1
Night_moderate_p15,Night,moderate,15,TZ_76,0.379229997931,0.017050531698112124,SCH_0251,941.4015858100771,1
Night_moderate_p15,Night,moderate,15,TZ_77,0.293382996801,0.013190771072790349,SCH_0582,1454.955086114032,1
Night_moderate_p15,Night,moderate,15,TZ_80,0.539486431395,0.024255809269802253,SCH_0045,1879.118547074124,1
Night_moderate_p15,Night,moderate,15,TZ_85,0.308195240764,0.013856743270636506,SCH_0567,970.2407879166396,1
Night_moderate_p15,Night,moderate,15,TZ_89,0.507361464573,0.022811441028661762,SCH_0567,1277.299230782636,1
Night_moderate_p15,Night,moderate,15,TZ_91,0.0194578580634,0.0008748433074846902,SCH_0567,2756.2498857115447,1
Night_moderate_p15,Night,moderate,15,TZ_97,0.916426230665,0.04120337151645379,SCH_0012,549.1422999682692,1
Night_moderate_p15,Night,moderate,15,TZ_106,0.358740054826,0.016129284891924913,SCH_0090,649.4969212913327,1
Night_moderate_p15,Night,moderate,15,TZ_108,0.294584269158,0.01324478138978226,SCH_0375,235.4621134869298,1
Night_moderate_p15,Night,moderate,15,TZ_111,0.0,0.0,SCH_0090,2848.1815011220315,1
Night_moderate_p15,Night,moderate,15,TZ_112,0.601697505465,0.027052876738597628,SCH_0045,2259.777691676152,1
Night_moderate_p15,Night,moderate,15,TZ_123,0.244935705749,0.011012536027365256,SCH_0396,1865.7929203012293,1
Night_moderate_p15,Night,moderate,15,TZ_133,0.320827707696,0.014424710675706104,SCH_0306,160.76951439588552,1
Night_moderate_p15,Night,moderate,15,TZ_149,0.3551952255,0.015969906084559685,SCH_0396,1017.3327454713084,1
Night_moderate_p15,Night,moderate,15,TZ_150,0.0979767197856,0.004405124002572644,SCH_0396,2538.4032981096248,1
Night_moderate_p15,Night,moderate,15,TZ_154,0.0,0.0,SCH_0396,5281.034875007544,1
Night_moderate_p15,Night,moderate,15,TZ_155,0.00993167374834,0.0004465372438500772,SCH_0396,3572.9195348980024,1
Night_moderate_p15,Night,moderate,15,TZ_165,0.327424694597,0.014721317312526003,SCH_0374,470.05136923989215,1
Night_moderate_p15,Night,moderate,15,TZ_177,0.395762748379,0.01779385945991511,SCH_0582,1468.2201464823572,1
Night_moderate_p15,Night,moderate,15,TZ_178,0.24891415271,0.011191410684928951,SCH_0374,1111.5106728528804,1
Night_moderate_p15,Night,moderate,15,TZ_181,0.863600877335,0.038828294738954196,SCH_0090,534.584198747692,1
Night_moderate_p15,Night,moderate,15,TZ_188,0.42701463337,0.019198973133864906,SCH_0167,873.5273175133907,1
Night_moderate_p15,Night,moderate,15,TZ_189,0.406230631889,0.018264505190931028,SCH_0012,1656.8549970531392,1
Night_moderate_p15,Night,moderate,15,TZ_190,0.273707728021,0.01230615277826581,SCH_0167,2367.7120948241663,1
Night_moderate_p15,Night,moderate,15,TZ_195,0.0459041392191,0.0020638925852385368,SCH_0090,2613.71006525083,1
Night_moderate_p15,Night,moderate,15,TZ_210,0.515947999474,0.023197499584960583,SCH_0396,1484.9794134726133,1
Night_moderate_p15,Night,moderate,15,TZ_217,0.394023278394,0.01771565127944687,SCH_0045,1449.942753068302,1
Night_moderate_p15,Night,moderate,15,TZ_222,0.0,0.0,SCH_0251,2910.5568543033523,1
Night_moderate_p15,Night,moderate,15,TZ_225,0.461412928374,0.020745552314115904,SCH_0466,1794.6474719587206,1
Night_moderate_p15,Night,moderate,15,TZ_227,0.341771415158,0.015366359147359426,SCH_0121,1443.4287973849025,1
Night_moderate_p15,Night,moderate,15,TZ_228,0.447378955592,0.02011457190888575,SCH_0121,352.09164284343274,1
Night_moderate_p15,Night,moderate,15,TZ_255,0.736308372012,0.03310510588579597,SCH_0045,663.8149098025127,1
Night_moderate_p15,Night,moderate,15,TZ_256,0.531007810548,0.023874602629249647,SCH_0045,561.5037768907587,1
Night_moderate_p15,Night,moderate,15,TZ_257,0.346574714569,0.015582319934506017,SCH_0306,1684.6400299796192,1
Night_strict_p5,Night,strict,5,TZ_11,0.0,0.0,SCH_0342,3426.7013132153697,1
Night_strict_p5,Night,strict,5,TZ_14,0.372636716584,0.01675409166642969,SCH_0342,6110.07863107604,1
Night_strict_p5,Night,strict,5,TZ_17,0.420602615949,0.01891068289606178,SCH_0116,2947.754473504287,1
Night_strict_p5,Night,strict,5,TZ_21,0.312271729325,0.014040025969277262,SCH_0342,1302.8706251719902,1
Night_strict_p5,Night,strict,5,TZ_22,0.363035436566,0.016322409230487098,SCH_0342,2998.2158202376395,1
Night_strict_p5,Night,strict,5,TZ_25,0.72472884696,0.032584479722187115,SCH_0116,764.5266804506934,1
Night_strict_p5,Night,strict,5,TZ_26,0.312450090347,0.014048045245905983,SCH_0403,3100.8680517546823,1
Night_strict_p5,Night,strict,5,TZ_29,0.334881596654,0.015056586530642365,SCH_0342,2792.695168767877,1
Night_strict_p5,Night,strict,5,TZ_33,0.618968388438,0.027829391621893067,SCH_0116,1854.1195498975144,1
Night_strict_p5,Night,strict,5,TZ_34,0.0770649061767,0.003464909508073618,SCH_0045,3269.5989502064044,1
Night_strict_p5,Night,strict,5,TZ_35,0.392106044217,0.017629450656379102,SCH_0445,1924.52682741538,1
Night_strict_p5,Night,strict,5,TZ_36,0.547188232156,0.0246020893603131,SCH_0445,3341.237359304841,1
Night_strict_p5,Night,strict,5,TZ_37,0.454084479027,0.020416058448728788,SCH_0445,2702.4840479926875,1
Night_strict_p5,Night,strict,5,TZ_39,0.241229747611,0.01084591271948194,SCH_0445,5208.711989499667,1
Night_strict_p5,Night,strict,5,TZ_40,0.525457947532,0.023625075651450535,SCH_0116,2151.4870387310366,1
Night_strict_p5,Night,strict,5,TZ_49,0.565747495539,0.025436531019284996,SCH_0116,1585.4566212473037,1
Night_strict_p5,Night,strict,5,TZ_52,0.0540930183836,0.0024320721715794928,SCH_0116,1977.787861387548,1
Night_strict_p5,Night,strict,5,TZ_54,0.0912122139759,0.00410098556057276,SCH_0116,2713.191987597713,1
Night_strict_p5,Night,strict,5,TZ_55,0.522985997787,0.023513934503036075,SCH_0342,3067.817415306703,1
Night_strict_p5,Night,strict,5,TZ_61,0.552623900503,0.024846482040102667,SCH_0445,2484.1401189425032,1
Night_strict_p5,Night,strict,5,TZ_62,0.414646861707,0.018642906673074628,SCH_0403,3693.426492799804,1
Night_strict_p5,Night,strict,5,TZ_63,0.297111832409,0.013358422972898793,SCH_0445,3429.048707739272,1
Night_strict_p5,Night,strict,5,TZ_65,0.856053941222,0.03848897750635028,SCH_0116,1243.912291568525,1
Night_strict_p5,Night,strict,5,TZ_66,0.866073854157,0.03893948206570117,SCH_0116,2076.5675408886545,1
Night_strict_p5,Night,strict,5,TZ_67,0.0,0.0,SCH_0342,4655.107786164401,1
Night_strict_p5,Night,strict,5,TZ_71,0.29440711034,0.013236816165358059,SCH_0403,2420.8538925105695,1
Night_strict_p5,Night,strict,5,TZ_72,0.0194578580634,0.0008748433074846902,SCH_0445,3181.176700513853,1
Night_strict_p5,Night,strict,5,TZ_76,0.379229997931,0.017050531698112124,SCH_0445,4846.62444705397,1
Night_strict_p5,Night,strict,5,TZ_77,0.293382996801,0.013190771072790349,SCH_0445,2692.5122017209846,1
Night_strict_p5,Night,strict,5,TZ_80,0.539486431395,0.024255809269802253,SCH_0045,1879.118547074124,1
Night_strict_p5,Night,strict,5,TZ_85,0.308195240764,0.013856743270636506,SCH_0403,1238.0874778186546,1
Night_strict_p5,Night,strict,5,TZ_89,0.507361464573,0.022811441028661762,SCH_0403,891.043010797585,1
Night_strict_p5,Night,strict,5,TZ_91,0.0194578580634,0.0008748433074846902,SCH_0403,4170.869266685587,1
Night_strict_p5,Night,strict,5,TZ_97,0.916426230665,0.04120337151645379,SCH_0116,870.0874794088285,1
Night_strict_p5,Night,strict,5,TZ_106,0.358740054826,0.016129284891924913,SCH_0116,1821.0395968472096,1
Night_strict_p5,Night,strict,5,TZ_108,0.294584269158,0.01324478138978226,SCH_0342,1386.448332498573,1
Night_strict_p5,Night,strict,5,TZ_111,0.0,0.0,SCH_0403,4215.164115457561,1
Night_strict_p5,Night,strict,5,TZ_112,0.601697505465,0.027052876738597628,SCH_0045,2259.777691676152,1
Night_strict_p5,Night,strict,5,TZ_123,0.244935705749,0.011012536027365256,SCH_0342,1294.5693520465895,1
Night_strict_p5,Night,strict,5,TZ_133,0.320827707696,0.014424710675706104,SCH_0403,1479.53994558282,1
Night_strict_p5,Night,strict,5,TZ_149,0.3551952255,0.015969906084559685,SCH_0342,2938.1213878543126,1
Night_strict_p5,Night,strict,5,TZ_150,0.0979767197856,0.004405124002572644,SCH_0342,3803.8026939802153,1
Night_strict_p5,Night,strict,5,TZ_154,0.0,0.0,SCH_0342,7480.690930242166,1
Night_strict_p5,Night,strict,5,TZ_155,0.00993167374834,0.0004465372438500772,SCH_0342,5772.575590132626,1
Night_strict_p5,Night,strict,5,TZ_165,0.327424694597,0.014721317312526003,SCH_0403,2909.277023990917,1
Night_strict_p5,Night,strict,5,TZ_177,0.395762748379,0.01779385945991511,SCH_0445,334.6860375422847,1
Night_strict_p5,Night,strict,5,TZ_178,0.24891415271,0.011191410684928951,SCH_0342,2763.4460174255114,1
Night_strict_p5,Night,strict,5,TZ_181,0.863600877335,0.038828294738954196,SCH_0116,2132.914096990705,1
Night_strict_p5,Night,strict,5,TZ_188,0.42701463337,0.019198973133864906,SCH_0403,2791.104455495985,1
Night_strict_p5,Night,strict,5,TZ_189,0.406230631889,0.018264505190931028,SCH_0116,1559.3131508888353,1
Night_strict_p5,Night,strict,5,TZ_190,0.273707728021,0.01230615277826581,SCH_0403,2529.019901494453,1
Night_strict_p5,Night,strict,5,TZ_195,0.0459041392191,0.0020638925852385368,SCH_0116,3677.638991637205,1
Night_strict_p5,Night,strict,5,TZ_210,0.515947999474,0.023197499584960583,SCH_0342,3473.73000483296,1
Night_strict_p5,Night,strict,5,TZ_217,0.394023278394,0.01771565127944687,SCH_0045,1449.942753068302,1
Night_strict_p5,Night,strict,5,TZ_222,0.0,0.0,SCH_0445,5293.1015042024255,1
Night_strict_p5,Night,strict,5,TZ_225,0.461412928374,0.020745552314115904,SCH_0445,2475.706930402392,1
Night_strict_p5,Night,strict,5,TZ_227,0.341771415158,0.015366359147359426,SCH_0403,4238.811542008873,1
Night_strict_p5,Night,strict,5,TZ_228,0.447378955592,0.02011457190888575,SCH_0116,4813.454272085167,1
Night_strict_p5,Night,strict,5,TZ_255,0.736308372012,0.03310510588579597,SCH_0045,663.8149098025127,1
Night_strict_p5,Night,strict,5,TZ_256,0.531007810548,0.023874602629249647,SCH_0045,561.5037768907587,1
Night_strict_p5,Night,strict,5,TZ_257,0.346574714569,0.015582319934506017,SCH_0403,2372.4253063422893,1
Night_strict_p10,Night,strict,10,TZ_11,0.0,0.0,SCH_0579,2463.0558240490673,1
Night_strict_p10,Night,strict,10,TZ_14,0.372636716584,0.01675409166642969,SCH_0093,3413.6434781361127,1
Night_strict_p10,Night,strict,10,TZ_17,0.420602615949,0.01891068289606178,SCH_0466,2823.905249594469,1
Night_strict_p10,Night,strict,10,TZ_21,0.312271729325,0.014040025969277262,SCH_0579,440.81245225615146,1
Night_strict_p10,Night,strict,10,TZ_22,0.363035436566,0.016322409230487098,SCH_0579,1693.8763347797883,1
Night_strict_p10,Night,strict,10,TZ_25,0.72472884696,0.032584479722187115,SCH_0036,1350.331285442876,1
Night_strict_p10,Night,strict,10,TZ_26,0.312450090347,0.014048045245905983,SCH_0093,2234.1521761546614,1
Night_strict_p10,Night,strict,10,TZ_29,0.334881596654,0.015056586530642365,SCH_0396,2595.2096456819245,1
Night_strict_p10,Night,strict,10,TZ_33,0.618968388438,0.027829391621893067,SCH_0036,966.9344869706408,1
Night_strict_p10,Night,strict,10,TZ_34,0.0770649061767,0.003464909508073618,SCH_0036,2902.5461088959487,1
Night_strict_p10,Night,strict,10,TZ_35,0.392106044217,0.017629450656379102,SCH_0268,1378.0838385377835,1
Night_strict_p10,Night,strict,10,TZ_36,0.547188232156,0.0246020893603131,SCH_0466,553.3177224416928,1
Night_strict_p10,Night,strict,10,TZ_37,0.454084479027,0.020416058448728788,SCH_0466,450.9348439630932,1
Night_strict_p10,Night,strict,10,TZ_39,0.241229747611,0.01084591271948194,SCH_0268,3902.4608401103274,1
Night_strict_p10,Night,strict,10,TZ_40,0.525457947532,0.023625075651450535,SCH_0090,1314.361573604212,1
Night_strict_p10,Night,strict,10,TZ_49,0.565747495539,0.025436531019284996,SCH_0036,2650.6988292010524,1
Night_strict_p10,Night,strict,10,TZ_52,0.0540930183836,0.0024320721715794928,SCH_0036,1784.4410917232171,1
Night_strict_p10,Night,strict,10,TZ_54,0.0912122139759,0.00410098556057276,SCH_0036,2523.2249188979094,1
Night_strict_p10,Night,strict,10,TZ_55,0.522985997787,0.023513934503036075,SCH_0579,3128.467874116553,1
Night_strict_p10,Night,strict,10,TZ_61,0.552623900503,0.024846482040102667,SCH_0167,1841.87841910759,1
Night_strict_p10,Night,strict,10,TZ_62,0.414646861707,0.018642906673074628,SCH_0167,260.555364695544,1
Night_strict_p10,Night,strict,10,TZ_63,0.297111832409,0.013358422972898793,SCH_0268,3185.8765343528694,1
Night_strict_p10,Night,strict,10,TZ_65,0.856053941222,0.03848897750635028,SCH_0036,103.53177463922457,1
Night_strict_p10,Night,strict,10,TZ_66,0.866073854157,0.03893948206570117,SCH_0036,1219.7666900649178,1
Night_strict_p10,Night,strict,10,TZ_67,0.0,0.0,SCH_0579,3224.5989233651903,1
Night_strict_p10,Night,strict,10,TZ_71,0.29440711034,0.013236816165358059,SCH_0403,2420.8538925105695,1
Night_strict_p10,Night,strict,10,TZ_72,0.0194578580634,0.0008748433074846902,SCH_0167,3201.902448059928,1
Night_strict_p10,Night,strict,10,TZ_76,0.379229997931,0.017050531698112124,SCH_0268,2269.508713284049,1
Night_strict_p10,Night,strict,10,TZ_77,0.293382996801,0.013190771072790349,SCH_0268,59.58324266803661,1
Night_strict_p10,Night,strict,10,TZ_80,0.539486431395,0.024255809269802253,SCH_0045,1879.118547074124,1
Night_strict_p10,Night,strict,10,TZ_85,0.308195240764,0.013856743270636506,SCH_0403,1238.0874778186546,1
Night_strict_p10,Night,strict,10,TZ_89,0.507361464573,0.022811441028661762,SCH_0403,891.043010797585,1
Night_strict_p10,Night,strict,10,TZ_91,0.0194578580634,0.0008748433074846902,SCH_0403,4170.869266685587,1
Night_strict_p10,Night,strict,10,TZ_97,0.916426230665,0.04120337151645379,SCH_0036,1486.528067724986,1
Night_strict_p10,Night,strict,10,TZ_106,0.358740054826,0.016129284891924913,SCH_0090,649.4969212913327,1
Night_strict_p10,Night,strict,10,TZ_108,0.294584269158,0.01324478138978226,SCH_0579,1582.1252927240982,1
Night_strict_p10,Night,strict,10,TZ_111,0.0,0.0,SCH_0090,2848.1815011220315,1
Night_strict_p10,Night,strict,10,TZ_112,0.601697505465,0.027052876738597628,SCH_0045,2259.777691676152,1
Night_strict_p10,Night,strict,10,TZ_123,0.244935705749,0.011012536027365256,SCH_0396,1865.7929203012293,1
Night_strict_p10,Night,strict,10,TZ_133,0.320827707696,0.014424710675706104,SCH_0403,1479.53994558282,1
Night_strict_p10,Night,strict,10,TZ_149,0.3551952255,0.015969906084559685,SCH_0396,1017.3327454713084,1
Night_strict_p10,Night,strict,10,TZ_150,0.0979767197856,0.004405124002572644,SCH_0396,2538.4032981096248,1
Night_strict_p10,Night,strict,10,TZ_154,0.0,0.0,SCH_0396,5281.034875007544,1
Night_strict_p10,Night,strict,10,TZ_155,0.00993167374834,0.0004465372438500772,SCH_0396,3572.9195348980024,1
Night_strict_p10,Night,strict,10,TZ_165,0.327424694597,0.014721317312526003,SCH_0403,2909.277023990917,1
Night_strict_p10,Night,strict,10,TZ_177,0.395762748379,0.01779385945991511,SCH_0268,2432.6408613235426,1
Night_strict_p10,Night,strict,10,TZ_178,0.24891415271,0.011191410684928951,SCH_0579,2883.3309864351017,1
Night_strict_p10,Night,strict,10,TZ_181,0.863600877335,0.038828294738954196,SCH_0090,534.584198747692,1
Night_strict_p10,Night,strict,10,TZ_188,0.42701463337,0.019198973133864906,SCH_0167,873.5273175133907,1
Night_strict_p10,Night,strict,10,TZ_189,0.406230631889,0.018264505190931028,SCH_0090,2132.1209171817563,1
Night_strict_p10,Night,strict,10,TZ_190,0.273707728021,0.01230615277826581,SCH_0167,2367.7120948241663,1
Night_strict_p10,Night,strict,10,TZ_195,0.0459041392191,0.0020638925852385368,SCH_0090,2613.71006525083,1
Night_strict_p10,Night,strict,10,TZ_210,0.515947999474,0.023197499584960583,SCH_0396,1484.9794134726133,1
Night_strict_p10,Night,strict,10,TZ_217,0.394023278394,0.01771565127944687,SCH_0045,1449.942753068302,1
Night_strict_p10,Night,strict,10,TZ_222,0.0,0.0,SCH_0268,2668.570573640279,1
Night_strict_p10,Night,strict,10,TZ_225,0.461412928374,0.020745552314115904,SCH_0466,1794.6474719587206,1
Night_strict_p10,Night,strict,10,TZ_227,0.341771415158,0.015366359147359426,SCH_0093,501.2609879363857,1
Night_strict_p10,Night,strict,10,TZ_228,0.447378955592,0.02011457190888575,SCH_0093,1491.16718549741,1
Night_strict_p10,Night,strict,10,TZ_255,0.736308372012,0.03310510588579597,SCH_0045,663.8149098025127,1
Night_strict_p10,Night,strict,10,TZ_256,0.531007810548,0.023874602629249647,SCH_0045,561.5037768907587,1
Night_strict_p10,Night,strict,10,TZ_257,0.346574714569,0.015582319934506017,SCH_0403,2372.4253063422893,1
Night_strict_p15,Night,strict,15,TZ_11,0.0,0.0,SCH_0579,2463.0558240490673,1
Night_strict_p15,Night,strict,15,TZ_14,0.372636716584,0.01675409166642969,SCH_0308,610.2171170814876,1
Night_strict_p15,Night,strict,15,TZ_17,0.420602615949,0.01891068289606178,SCH_0012,2148.7716958601086,1
Night_strict_p15,Night,strict,15,TZ_21,0.312271729325,0.014040025969277262,SCH_0579,440.81245225615146,1
Night_strict_p15,Night,strict,15,TZ_22,0.363035436566,0.016322409230487098,SCH_0579,1693.8763347797883,1
Night_strict_p15,Night,strict,15,TZ_25,0.72472884696,0.032584479722187115,SCH_0036,1350.331285442876,1
Night_strict_p15,Night,strict,15,TZ_26,0.312450090347,0.014048045245905983,SCH_0306,1633.4744349348537,1
Night_strict_p15,Night,strict,15,TZ_29,0.334881596654,0.015056586530642365,SCH_0396,2595.2096456819245,1
Night_strict_p15,Night,strict,15,TZ_33,0.618968388438,0.027829391621893067,SCH_0036,966.9344869706408,1
Night_strict_p15,Night,strict,15,TZ_34,0.0770649061767,0.003464909508073618,SCH_0012,2474.6570514804926,1
Night_strict_p15,Night,strict,15,TZ_35,0.392106044217,0.017629450656379102,SCH_0582,218.34420512908065,1
Night_strict_p15,Night,strict,15,TZ_36,0.547188232156,0.0246020893603131,SCH_0466,553.3177224416928,1
Night_strict_p15,Night,strict,15,TZ_37,0.454084479027,0.020416058448728788,SCH_0466,450.9348439630932,1
Night_strict_p15,Night,strict,15,TZ_39,0.241229747611,0.01084591271948194,SCH_0582,3600.5138869422112,1
Night_strict_p15,Night,strict,15,TZ_40,0.525457947532,0.023625075651450535,SCH_0090,1314.361573604212,1
Night_strict_p15,Night,strict,15,TZ_49,0.565747495539,0.025436531019284996,SCH_0012,1043.2182469252123,1
Night_strict_p15,Night,strict,15,TZ_52,0.0540930183836,0.0024320721715794928,SCH_0036,1784.4410917232171,1
Night_strict_p15,Night,strict,15,TZ_54,0.0912122139759,0.00410098556057276,SCH_0036,2523.2249188979094,1
Night_strict_p15,Night,strict,15,TZ_55,0.522985997787,0.023513934503036075,SCH_0579,3128.467874116553,1
Night_strict_p15,Night,strict,15,TZ_61,0.552623900503,0.024846482040102667,SCH_0167,1841.87841910759,1
Night_strict_p15,Night,strict,15,TZ_62,0.414646861707,0.018642906673074628,SCH_0167,260.555364695544,1
Night_strict_p15,Night,strict,15,TZ_63,0.297111832409,0.013358422972898793,SCH_0251,2371.8031457203374,1
Night_strict_p15,Night,strict,15,TZ_65,0.856053941222,0.03848897750635028,SCH_0036,103.53177463922457,1
Night_strict_p15,Night,strict,15,TZ_66,0.866073854157,0.03893948206570117,SCH_0036,1219.7666900649178,1
Night_strict_p15,Night,strict,15,TZ_67,0.0,0.0,SCH_0308,2159.4808420986265,1
Night_strict_p15,Night,strict,15,TZ_71,0.29440711034,0.013236816165358059,SCH_0567,1505.3691729808152,1
Night_strict_p15,Night,strict,15,TZ_72,0.0194578580634,0.0008748433074846902,SCH_0582,2188.6346144933664,1
Night_strict_p15,Night,strict,15,TZ_76,0.379229997931,0.017050531698112124,SCH_0251,941.4015858100771,1
Night_strict_p15,Night,strict,15,TZ_77,0.293382996801,0.013190771072790349,SCH_0582,1454.955086114032,1
Night_strict_p15,Night,strict,15,TZ_80,0.539486431395,0.024255809269802253,SCH_0045,1879.118547074124,1
Night_strict_p15,Night,strict,15,TZ_85,0.308195240764,0.013856743270636506,SCH_0567,970.2407879166396,1
Night_strict_p15,Night,strict,15,TZ_89,0.507361464573,0.022811441028661762,SCH_0567,1277.299230782636,1
Night_strict_p15,Night,strict,15,TZ_91,0.0194578580634,0.0008748433074846902,SCH_0567,2756.2498857115447,1
Night_strict_p15,Night,strict,15,TZ_97,0.916426230665,0.04120337151645379,SCH_0012,549.1422999682692,1
Night_strict_p15,Night,strict,15,TZ_106,0.358740054826,0.016129284891924913,SCH_0090,649.4969212913327,1
Night_strict_p15,Night,strict,15,TZ_108,0.294584269158,0.01324478138978226,SCH_0579,1582.1252927240982,1
Night_strict_p15,Night,strict,15,TZ_111,0.0,0.0,SCH_0090,2848.1815011220315,1
Night_strict_p15,Night,strict,15,TZ_112,0.601697505465,0.027052876738597628,SCH_0045,2259.777691676152,1
Night_strict_p15,Night,strict,15,TZ_123,0.244935705749,0.011012536027365256,SCH_0396,1865.7929203012293,1
Night_strict_p15,Night,strict,15,TZ_133,0.320827707696,0.014424710675706104,SCH_0306,160.76951439588552,1
Night_strict_p15,Night,strict,15,TZ_149,0.3551952255,0.015969906084559685,SCH_0396,1017.3327454713084,1
Night_strict_p15,Night,strict,15,TZ_150,0.0979767197856,0.004405124002572644,SCH_0396,2538.4032981096248,1
Night_strict_p15,Night,strict,15,TZ_154,0.0,0.0,SCH_0396,5281.034875007544,1
Night_strict_p15,Night,strict,15,TZ_155,0.00993167374834,0.0004465372438500772,SCH_0396,3572.9195348980024,1
Night_strict_p15,Night,strict,15,TZ_165,0.327424694597,0.014721317312526003,SCH_0374,470.05136923989215,1
Night_strict_p15,Night,strict,15,TZ_177,0.395762748379,0.01779385945991511,SCH_0582,1468.2201464823572,1
Night_strict_p15,Night,strict,15,TZ_178,0.24891415271,0.011191410684928951,SCH_0374,1111.5106728528804,1
Night_strict_p15,Night,strict,15,TZ_181,0.863600877335,0.038828294738954196,SCH_0090,534.584198747692,1
Night_strict_p15,Night,strict,15,TZ_188,0.42701463337,0.019198973133864906,SCH_0167,873.5273175133907,1
Night_strict_p15,Night,strict,15,TZ_189,0.406230631889,0.018264505190931028,SCH_0012,1656.8549970531392,1
Night_strict_p15,Night,strict,15,TZ_190,0.273707728021,0.01230615277826581,SCH_0167,2367.7120948241663,1
Night_strict_p15,Night,strict,15,TZ_195,0.0459041392191,0.0020638925852385368,SCH_0090,2613.71006525083,1
Night_strict_p15,Night,strict,15,TZ_210,0.515947999474,0.023197499584960583,SCH_0396,1484.9794134726133,1
Night_strict_p15,Night,strict,15,TZ_217,0.394023278394,0.01771565127944687,SCH_0045,1449.942753068302,1
Night_strict_p15,Night,strict,15,TZ_222,0.0,0.0,SCH_0251,2910.5568543033523,1
Night_strict_p15,Night,strict,15,TZ_225,0.461412928374,0.020745552314115904,SCH_0466,1794.6474719587206,1
Night_strict_p15,Night,strict,15,TZ_227,0.341771415158,0.015366359147359426,SCH_0121,1443.4287973849025,1
Night_strict_p15,Night,strict,15,TZ_228,0.447378955592,0.02011457190888575,SCH_0121,352.09164284343274,1
Night_strict_p15,Night,strict,15,TZ_255,0.736308372012,0.03310510588579597,SCH_0045,663.8149098025127,1
Night_strict_p15,Night,strict,15,TZ_256,0.531007810548,0.023874602629249647,SCH_0045,561.5037768907587,1
Night_strict_p15,Night,strict,15,TZ_257,0.346574714569,0.015582319934506017,SCH_0306,1684.6400299796192,1
